Name,Link
'M/F Achaeos',http://www.ferry-site.dk/ferry.php?id=9411903&lang=en
'M/F Ano Chora II',http://www.ferry-site.dk/ferry.php?id=9095979&lang=en
'M/F Apollon Hellas',http://www.ferry-site.dk/ferry.php?id=8807105&lang=en
'M/F Ionas',http://www.ferry-site.dk/ferry.php?id=8611659&lang=en
'M/F Posidon Hellas',http://www.ferry-site.dk/ferry.php?id=8966963&lang=en
'M/F Galaxy',http://www.ferry-site.dk/ferry.php?id=7516773&lang=en
'M/F Agios Nektarios Aiginas',http://www.ferry-site.dk/ferry.php?id=8969343&lang=en
'M/F Proteus',http://www.ferry-site.dk/ferry.php?id=7350416&lang=en
'M/F Symi',http://www.ferry-site.dk/ferry.php?id=7236165&lang=en
'M/F AF Claudia',http://www.ferry-site.dk/ferry.php?id=9243435&lang=en
'M/F AF Francesca',http://www.ferry-site.dk/ferry.php?id=7602089&lang=en
'M/F AF Marina',http://www.ferry-site.dk/ferry.php?id=9059107&lang=en
'HSC Speedrunner III',http://www.ferry-site.dk/ferry.php?id=9141871&lang=en
'M/F Morocco Star',http://www.ferry-site.dk/ferry.php?id=7803190&lang=en
'M/F Morocco Sun',http://www.ferry-site.dk/ferry.php?id=7719430&lang=en
'M/F Agersø III',http://www.ferry-site.dk/ferry.php?id=9649677&lang=en
'M/F Omø',http://www.ferry-site.dk/ferry.php?id=9310862&lang=en
'M/F Aurora',http://www.ferry-site.dk/ferry.php?id=7502332&lang=en
'M/F Columbia',http://www.ferry-site.dk/ferry.php?id=7320095&lang=en
'M/F Hubbard',http://www.ferry-site.dk/ferry.php?id=9812808&lang=en
'M/F Kennicott',http://www.ferry-site.dk/ferry.php?id=9145205&lang=en
'M/F LeConte',http://www.ferry-site.dk/ferry.php?id=7318925&lang=en
'M/F Lituya',http://www.ferry-site.dk/ferry.php?id=9283148&lang=en
'M/F Malaspina',http://www.ferry-site.dk/ferry.php?id=5218183&lang=en
'M/F Matanuska',http://www.ferry-site.dk/ferry.php?id=5228827&lang=en
'M/F Tazlina',http://www.ferry-site.dk/ferry.php?id=9812157&lang=en
'M/F Tustumena',http://www.ferry-site.dk/ferry.php?id=6421086&lang=en
'M/F Badji Mokhtar III',http://www.ferry-site.dk/ferry.php?id=9827889&lang=en
'M/F El Djazair II',http://www.ferry-site.dk/ferry.php?id=9265421&lang=en
'M/F Tariq Ibn Ziyad',http://www.ferry-site.dk/ferry.php?id=9109768&lang=en
'M/F Tassili II',http://www.ferry-site.dk/ferry.php?id=9265419&lang=en
'M/F Frigg Sydfyen',http://www.ferry-site.dk/ferry.php?id=8222824&lang=en
'M/F Fynshav',http://www.ferry-site.dk/ferry.php?id=9183025&lang=en
'M/F Asterion II',http://www.ferry-site.dk/ferry.php?id=8922163&lang=en
'M/F El Venizelos',http://www.ferry-site.dk/ferry.php?id=7907673&lang=en
'M/F Elyros',http://www.ferry-site.dk/ferry.php?id=9178599&lang=en
'M/F Hellenic Spirit',http://www.ferry-site.dk/ferry.php?id=9216030&lang=en
'M/F Kriti I',http://www.ferry-site.dk/ferry.php?id=7814046&lang=en
'M/F Kriti II',http://www.ferry-site.dk/ferry.php?id=7814058&lang=en
'M/F Olympic Champion',http://www.ferry-site.dk/ferry.php?id=9216028&lang=en
'M/F Prevelis',http://www.ferry-site.dk/ferry.php?id=8020927&lang=en
'M/F Avangard',http://www.ferry-site.dk/ferry.php?id=9522403&lang=en
'M/F Slavyanin',http://www.ferry-site.dk/ferry.php?id=8300169&lang=en
'M/F Amman',http://www.ferry-site.dk/ferry.php?id=9079999&lang=en
'M/F Aylah',http://www.ferry-site.dk/ferry.php?id=9097331&lang=en
'M/F Bridge',http://www.ferry-site.dk/ferry.php?id=8708622&lang=en
'HSC Queen Nefertiti',http://www.ferry-site.dk/ferry.php?id=9130925&lang=en
'M/F Sinaa',http://www.ferry-site.dk/ferry.php?id=9081590&lang=en
'HSC The Princess',http://www.ferry-site.dk/ferry.php?id=9284568&lang=en
'M/F Baagø-færgen',http://www.ferry-site.dk/ferry.php?id=8934910&lang=en
'M/F Baja Star',http://www.ferry-site.dk/ferry.php?id=9035096&lang=en
'M/F Mexico Star',http://www.ferry-site.dk/ferry.php?id=9138800&lang=en
'M/F Abel Matutes',http://www.ferry-site.dk/ferry.php?id=9441130&lang=en
'HSC Avemar Dos',http://www.ferry-site.dk/ferry.php?id=9170183&lang=en
'M/F Bahama Mama',http://www.ferry-site.dk/ferry.php?id=9441142&lang=en
'HSC Cecilia Payne',http://www.ferry-site.dk/ferry.php?id=9188881&lang=en
'M/F Dénia Ciutat Creativa',http://www.ferry-site.dk/ferry.php?id=9019054&lang=en
'HSC Eleanor Roosevelt',http://www.ferry-site.dk/ferry.php?id=9863637&lang=en
'HSC Formentera Direct',http://www.ferry-site.dk/ferry.php?id=8615332&lang=en
'M/F Hedy Lamarr',http://www.ferry-site.dk/ferry.php?id=9498743&lang=en
'M/F Hypatia de Alejandria',http://www.ferry-site.dk/ferry.php?id=9498755&lang=en
'HSC Jaume I',http://www.ferry-site.dk/ferry.php?id=9081693&lang=en
'HSC Jaume II',http://www.ferry-site.dk/ferry.php?id=9116113&lang=en
'HSC Jaume III',http://www.ferry-site.dk/ferry.php?id=9135884&lang=en
'M/F Martin i Soler',http://www.ferry-site.dk/ferry.php?id=9390367&lang=en
'M/F Nápoles',http://www.ferry-site.dk/ferry.php?id=9243423&lang=en
'HSC Nixe',http://www.ferry-site.dk/ferry.php?id=9316646&lang=en
'M/F Passió per Formentera',http://www.ferry-site.dk/ferry.php?id=9465239&lang=en
'M/F Poeta López Anglada',http://www.ferry-site.dk/ferry.php?id=8208763&lang=en
'M/F Posidonia',http://www.ferry-site.dk/ferry.php?id=7717286&lang=en
'HSC Ramon Llull',http://www.ferry-site.dk/ferry.php?id=9262065&lang=en
'M/F Regina Báltica',http://www.ferry-site.dk/ferry.php?id=7827225&lang=en
'M/F Sicília',http://www.ferry-site.dk/ferry.php?id=9261542&lang=en
'M/F Virot',http://www.ferry-site.dk/ferry.php?id=7315337&lang=en
'M/F Wasa Express',http://www.ferry-site.dk/ferry.php?id=8000226&lang=en
'M/F Barsøfærgen',http://www.ferry-site.dk/ferry.php?id=barsoefaergen1980&lang=en
'M/F Bastø Electric',http://www.ferry-site.dk/ferry.php?id=9878993&lang=en
'M/F Bastø I',http://www.ferry-site.dk/ferry.php?id=9144081&lang=en
'M/F Bastø II',http://www.ferry-site.dk/ferry.php?id=9144093&lang=en
'M/F Bastø IV',http://www.ferry-site.dk/ferry.php?id=9771420&lang=en
'M/F Bastø V',http://www.ferry-site.dk/ferry.php?id=9771432&lang=en
'M/F Bastø VI',http://www.ferry-site.dk/ferry.php?id=9769219&lang=en
'M/F Marstein',http://www.ferry-site.dk/ferry.php?id=8714360&lang=en
'M/F Svelvik',http://www.ferry-site.dk/ferry.php?id=9907990&lang=en
'HSC Alakai',http://www.ferry-site.dk/ferry.php?id=9328912&lang=en
'M/F Confederation',http://www.ferry-site.dk/ferry.php?id=9050008&lang=en
'M/F Fundy Rose',http://www.ferry-site.dk/ferry.php?id=9203916&lang=en
'M/F Holiday Island',http://www.ferry-site.dk/ferry.php?id=7041431&lang=en
'M/F Baynes Sound Connector',http://www.ferry-site.dk/ferry.php?id=9739252&lang=en
'M/F Bowen Queen',http://www.ferry-site.dk/ferry.php?id=6600967&lang=en
'M/F Coastal Celebration',http://www.ferry-site.dk/ferry.php?id=9332779&lang=en
'M/F Coastal Inspiration',http://www.ferry-site.dk/ferry.php?id=9332767&lang=en
'M/F Coastal Renaissance',http://www.ferry-site.dk/ferry.php?id=9332755&lang=en
'M/F Island 6',http://www.ferry-site.dk/ferry.php?id=9900605&lang=en
'M/F Island Aurora',http://www.ferry-site.dk/ferry.php?id=9831763&lang=en
'M/F Island Discovery',http://www.ferry-site.dk/ferry.php?id=9831751&lang=en
'M/F Island K'ulut'a',http://www.ferry-site.dk/ferry.php?id=9900588&lang=en
'M/F Island Kwigwis',http://www.ferry-site.dk/ferry.php?id=9900590&lang=en
'M/F Island Nagalis',http://www.ferry-site.dk/ferry.php?id=9900576&lang=en
'M/F Kahloke',http://www.ferry-site.dk/ferry.php?id=7330595&lang=en
'M/F Klitsa',http://www.ferry-site.dk/ferry.php?id=7228481&lang=en
'M/F Kuper',http://www.ferry-site.dk/ferry.php?id=9029267&lang=en
'M/F Kwuna',http://www.ferry-site.dk/ferry.php?id=7512117&lang=en
'M/F Malaspina Sky',http://www.ferry-site.dk/ferry.php?id=9370458&lang=en
'M/F Mayne Queen',http://www.ferry-site.dk/ferry.php?id=6522567&lang=en
'M/F Northern Adventure',http://www.ferry-site.dk/ferry.php?id=9257735&lang=en
'M/F Northern Expedition',http://www.ferry-site.dk/ferry.php?id=9408413&lang=en
'M/F Northern Sea Wolf',http://www.ferry-site.dk/ferry.php?id=9212450&lang=en
'M/F Powell River Queen',http://www.ferry-site.dk/ferry.php?id=6515796&lang=en
'M/F Quadra Queen II',http://www.ferry-site.dk/ferry.php?id=7003439&lang=en
'M/F Queen of Alberni',http://www.ferry-site.dk/ferry.php?id=7414080&lang=en
'M/F Queen of Capilano',http://www.ferry-site.dk/ferry.php?id=9008354&lang=en
'M/F Queen of Coquitlam',http://www.ferry-site.dk/ferry.php?id=7411155&lang=en
'M/F Queen of Cowichan',http://www.ferry-site.dk/ferry.php?id=7411143&lang=en
'M/F Queen of Cumberland',http://www.ferry-site.dk/ferry.php?id=9009360&lang=en
'M/F Queen of New Westminster',http://www.ferry-site.dk/ferry.php?id=6413663&lang=en
'M/F Queen of Oak Bay',http://www.ferry-site.dk/ferry.php?id=7902283&lang=en
'M/F Queen of Surrey',http://www.ferry-site.dk/ferry.php?id=7902221&lang=en
'M/F Quinitsa',http://www.ferry-site.dk/ferry.php?id=7710965&lang=en
'M/F Quinsam',http://www.ferry-site.dk/ferry.php?id=8111386&lang=en
'M/F Salish Eagle',http://www.ferry-site.dk/ferry.php?id=9750282&lang=en
'M/F Salish Heron',http://www.ferry-site.dk/ferry.php?id=9905746&lang=en
'M/F Salish Orca',http://www.ferry-site.dk/ferry.php?id=9750270&lang=en
'M/F Salish Raven',http://www.ferry-site.dk/ferry.php?id=9750294&lang=en
'M/F Skeena Queen',http://www.ferry-site.dk/ferry.php?id=9137090&lang=en
'M/F Spirit of British Columbia',http://www.ferry-site.dk/ferry.php?id=9015668&lang=en
'M/F Spirit of Vancouver Island',http://www.ferry-site.dk/ferry.php?id=9030682&lang=en
'M/F Tachek',http://www.ferry-site.dk/ferry.php?id=6920343&lang=en
'M/F Blue Carrier 1',http://www.ferry-site.dk/ferry.php?id=9186649&lang=en
'M/F Blue Galaxy',http://www.ferry-site.dk/ferry.php?id=9035876&lang=en
'M/F Blue Horizon',http://www.ferry-site.dk/ferry.php?id=8616336&lang=en
'M/F Blue Star 2',http://www.ferry-site.dk/ferry.php?id=9207584&lang=en
'M/F Blue Star Chios',http://www.ferry-site.dk/ferry.php?id=9215555&lang=en
'M/F Blue Star Delos',http://www.ferry-site.dk/ferry.php?id=9565039&lang=en
'M/F Blue Star Mykonos',http://www.ferry-site.dk/ferry.php?id=9208679&lang=en
'M/F Blue Star Naxos',http://www.ferry-site.dk/ferry.php?id=9241786&lang=en
'M/F Blue Star Paros',http://www.ferry-site.dk/ferry.php?id=9241774&lang=en
'M/F Blue Star Patmos',http://www.ferry-site.dk/ferry.php?id=9565041&lang=en
'M/F Diagoras',http://www.ferry-site.dk/ferry.php?id=8916126&lang=en
'M/F Pelagitis',http://www.ferry-site.dk/ferry.php?id=7528611&lang=en
'M/F Strait Feronia',http://www.ferry-site.dk/ferry.php?id=9136022&lang=en
'M/F Straitsman',http://www.ferry-site.dk/ferry.php?id=9323704&lang=en
'M/F Enotria',http://www.ferry-site.dk/ferry.php?id=9257917&lang=en
'M/F Fata Morgana',http://www.ferry-site.dk/ferry.php?id=8506543&lang=en
'M/F Riace',http://www.ferry-site.dk/ferry.php?id=8200395&lang=en
'M/F Sikania',http://www.ferry-site.dk/ferry.php?id=9898400&lang=en
'M/F Trinacria',http://www.ferry-site.dk/ferry.php?id=9818917&lang=en
'M/F Acciarello',http://www.ferry-site.dk/ferry.php?id=9144691&lang=en
'M/F Tremestieri',http://www.ferry-site.dk/ferry.php?id=9051442&lang=en
'M/F Alsten',http://www.ferry-site.dk/ferry.php?id=8411009&lang=en
'M/F Bergsfjord',http://www.ferry-site.dk/ferry.php?id=9733155&lang=en
'M/F Haarek',http://www.ferry-site.dk/ferry.php?id=7369170&lang=en
'M/F Harøyfjord',http://www.ferry-site.dk/ferry.php?id=9662722&lang=en
'M/F Hasfjord',http://www.ferry-site.dk/ferry.php?id=7383542&lang=en
'M/F Hasvik',http://www.ferry-site.dk/ferry.php?id=9733143&lang=en
'M/F Hidraferja',http://www.ferry-site.dk/ferry.php?id=9237981&lang=en
'M/F Hidrasund',http://www.ferry-site.dk/ferry.php?id=7218010&lang=en
'M/F Husøy',http://www.ferry-site.dk/ferry.php?id=9663403&lang=en
'M/F Karlsøyfjord',http://www.ferry-site.dk/ferry.php?id=9662710&lang=en
'M/F Lofotferje I',http://www.ferry-site.dk/ferry.php?id=7034189&lang=en
'M/F Lurøy',http://www.ferry-site.dk/ferry.php?id=9221047&lang=en
'M/F Malmefjord',http://www.ferry-site.dk/ferry.php?id=9895472&lang=en
'M/F Møysalen',http://www.ferry-site.dk/ferry.php?id=9035175&lang=en
'M/F Petter Dass',http://www.ferry-site.dk/ferry.php?id=9165334&lang=en
'M/F Preikestolen',http://www.ferry-site.dk/ferry.php?id=9013098&lang=en
'M/F Rana',http://www.ferry-site.dk/ferry.php?id=7638533&lang=en
'M/F Selbjørnsfjord',http://www.ferry-site.dk/ferry.php?id=9553335&lang=en
'M/F Sigrid',http://www.ferry-site.dk/ferry.php?id=9030369&lang=en
'M/F Stokkafjord',http://www.ferry-site.dk/ferry.php?id=9895496&lang=en
'M/F Tomrefjord',http://www.ferry-site.dk/ferry.php?id=9895484&lang=en
'M/F Vannes',http://www.ferry-site.dk/ferry.php?id=9812341&lang=en
'M/F Vestrefjord',http://www.ferry-site.dk/ferry.php?id=9901532&lang=en
'M/F Vollsøy',http://www.ferry-site.dk/ferry.php?id=9237993&lang=en
'HSC Express 1',http://www.ferry-site.dk/ferry.php?id=9501590&lang=en
'HSC Express 5',http://www.ferry-site.dk/ferry.php?id=9913286&lang=en
'M/F Hammershus',http://www.ferry-site.dk/ferry.php?id=9812107&lang=en
'HSC Max',http://www.ferry-site.dk/ferry.php?id=9176058&lang=en
'M/F Povl Anker',http://www.ferry-site.dk/ferry.php?id=7633143&lang=en
'M/F Oksøy',http://www.ferry-site.dk/ferry.php?id=Rinna1964&lang=en
'M/F Sandøy',http://www.ferry-site.dk/ferry.php?id=Sandoey2021&lang=en
'M/F ???',http://www.ferry-site.dk/ferry.php?id=9946324&lang=en
'M/F ???',http://www.ferry-site.dk/ferry.php?id=9946336&lang=en
'M/F Armorique',http://www.ferry-site.dk/ferry.php?id=9364980&lang=en
'M/F Barfleur',http://www.ferry-site.dk/ferry.php?id=9007130&lang=en
'M/F Bretagne',http://www.ferry-site.dk/ferry.php?id=8707329&lang=en
'M/F Cap Finistére',http://www.ferry-site.dk/ferry.php?id=9198927&lang=en
'M/F Connemara',http://www.ferry-site.dk/ferry.php?id=9349760&lang=en
'M/F Cotentin',http://www.ferry-site.dk/ferry.php?id=9364978&lang=en
'M/F Galicia',http://www.ferry-site.dk/ferry.php?id=9856189&lang=en
'M/F MN Pelican',http://www.ferry-site.dk/ferry.php?id=9170999&lang=en
'M/F Mont ST Michel',http://www.ferry-site.dk/ferry.php?id=9238337&lang=en
'M/F Normandie',http://www.ferry-site.dk/ferry.php?id=9006253&lang=en
'M/F Pont-Aven',http://www.ferry-site.dk/ferry.php?id=9268708&lang=en
'M/F Salamanca',http://www.ferry-site.dk/ferry.php?id=9867592&lang=en
'M/F Santoña',http://www.ferry-site.dk/ferry.php?id=9886847&lang=en
'HSC ???',http://www.ferry-site.dk/ferry.php?id=incat096&lang=en
'HSC Albayzin',http://www.ferry-site.dk/ferry.php?id=9059054&lang=en
'HSC Atlantic III',http://www.ferry-site.dk/ferry.php?id=9001540&lang=en
'M/F Eladia Isabel',http://www.ferry-site.dk/ferry.php?id=8869581&lang=en
'HSC Francisco',http://www.ferry-site.dk/ferry.php?id=9610028&lang=en
'HSC Juan Patricio',http://www.ferry-site.dk/ferry.php?id=9106118&lang=en
'HSC Luciano Federico L',http://www.ferry-site.dk/ferry.php?id=9154684&lang=en
'HSC Silvia Ana L',http://www.ferry-site.dk/ferry.php?id=9119385&lang=en
'M/F ???',http://www.ferry-site.dk/ferry.php?id=CalMac802&lang=en
'M/F Argyle',http://www.ferry-site.dk/ferry.php?id=9365178&lang=en
'M/F Bute',http://www.ferry-site.dk/ferry.php?id=9319741&lang=en
'M/F Caledonian Isles',http://www.ferry-site.dk/ferry.php?id=9051284&lang=en
'M/F Carvoria',http://www.ferry-site.dk/ferry.php?id=carvoria2017&lang=en
'M/F Catriona',http://www.ferry-site.dk/ferry.php?id=9759862&lang=en
'M/F Clansman',http://www.ferry-site.dk/ferry.php?id=9158953&lang=en
'M/F Coruisk',http://www.ferry-site.dk/ferry.php?id=9274836&lang=en
'M/F Finlaggan',http://www.ferry-site.dk/ferry.php?id=9482902&lang=en
'M/F Glen Sannox',http://www.ferry-site.dk/ferry.php?id=GlenSannox&lang=en
'M/F Hallaig',http://www.ferry-site.dk/ferry.php?id=9652832&lang=en
'M/F Hebridean Isles',http://www.ferry-site.dk/ferry.php?id=8404812&lang=en
'M/F Hebrides',http://www.ferry-site.dk/ferry.php?id=9211975&lang=en
'M/F Isle of Arran',http://www.ferry-site.dk/ferry.php?id=8219554&lang=en
'M/F Isle of Cumbrae',http://www.ferry-site.dk/ferry.php?id=7521625&lang=en
'M/F Isle of Lewis',http://www.ferry-site.dk/ferry.php?id=9085974&lang=en
'M/F Isle of Mull',http://www.ferry-site.dk/ferry.php?id=8608339&lang=en
'M/F Loch Alainn',http://www.ferry-site.dk/ferry.php?id=9147722&lang=en
'M/F Loch Bhrusda',http://www.ferry-site.dk/ferry.php?id=9129483&lang=en
'M/F Loch Buie',http://www.ferry-site.dk/ferry.php?id=9031375&lang=en
'M/F Loch Dunvegan',http://www.ferry-site.dk/ferry.php?id=9006409&lang=en
'M/F Loch Fyne',http://www.ferry-site.dk/ferry.php?id=9006411&lang=en
'M/F Loch Linnhe',http://www.ferry-site.dk/ferry.php?id=8512308&lang=en
'M/F Loch Portain',http://www.ferry-site.dk/ferry.php?id=9274824&lang=en
'M/F Loch Ranza',http://www.ferry-site.dk/ferry.php?id=8519887&lang=en
'M/F Loch Riddon',http://www.ferry-site.dk/ferry.php?id=8519875&lang=en
'M/F Loch Seaforth',http://www.ferry-site.dk/ferry.php?id=9665437&lang=en
'M/F Loch Shira',http://www.ferry-site.dk/ferry.php?id=9376919&lang=en
'M/F Loch Striven',http://www.ferry-site.dk/ferry.php?id=8512293&lang=en
'M/F Loch Tarbert',http://www.ferry-site.dk/ferry.php?id=9039389&lang=en
'M/F Lochinvar',http://www.ferry-site.dk/ferry.php?id=9652844&lang=en
'M/F Lochnevis',http://www.ferry-site.dk/ferry.php?id=9209063&lang=en
'M/F Lord of the Isles',http://www.ferry-site.dk/ferry.php?id=8710869&lang=en
'M/F Marie Curie',http://www.ferry-site.dk/ferry.php?id=9498767&lang=en
'M/F Adeona',http://www.ferry-site.dk/ferry.php?id=7717298&lang=en
'M/F Driade',http://www.ferry-site.dk/ferry.php?id=7717303&lang=en
'M/F Fauno',http://www.ferry-site.dk/ferry.php?id=7717315&lang=en
'HSC Isola di Capri',http://www.ferry-site.dk/ferry.php?id=9166170&lang=en
'HSC Isola di Procida',http://www.ferry-site.dk/ferry.php?id=9166209&lang=en
'M/F Naiade',http://www.ferry-site.dk/ferry.php?id=7717274&lang=en
'M/F Archimede',http://www.ferry-site.dk/ferry.php?id=8618138&lang=en
'M/F Cartour Delta',http://www.ferry-site.dk/ferry.php?id=9539042&lang=en
'M/F Elio',http://www.ferry-site.dk/ferry.php?id=9819806&lang=en
'M/F Giano',http://www.ferry-site.dk/ferry.php?id=8318568&lang=en
'M/F Giuseppe Franza',http://www.ferry-site.dk/ferry.php?id=9048483&lang=en
'M/F Hedy Lamarr',http://www.ferry-site.dk/ferry.php?id=9498743&lang=en
'M/F Stretto Messina',http://www.ferry-site.dk/ferry.php?id=8618126&lang=en
'M/F Telepass',http://www.ferry-site.dk/ferry.php?id=8917338&lang=en
'M/F Villa San Giovanni',http://www.ferry-site.dk/ferry.php?id=7929126&lang=en
'M/F Zancle',http://www.ferry-site.dk/ferry.php?id=9048495&lang=en
'M/F Cenk G',http://www.ferry-site.dk/ferry.php?id=9108556&lang=en
'M/F Cenk M',http://www.ferry-site.dk/ferry.php?id=7382366&lang=en
'M/F Cenk T',http://www.ferry-site.dk/ferry.php?id=7528635&lang=en
'M/F Acacia Seaways',http://www.ferry-site.dk/ferry.php?id=9809112&lang=en
'M/F Adeline',http://www.ferry-site.dk/ferry.php?id=9539092&lang=en
'M/F Alf Pollak',http://www.ferry-site.dk/ferry.php?id=9848467&lang=en
'M/F Amandine',http://www.ferry-site.dk/ferry.php?id=9424871&lang=en
'M/F Catherine',http://www.ferry-site.dk/ferry.php?id=9209453&lang=en
'M/F Celandine',http://www.ferry-site.dk/ferry.php?id=9183984&lang=en
'M/F Celestine',http://www.ferry-site.dk/ferry.php?id=9125372&lang=en
'M/F Celine',http://www.ferry-site.dk/ferry.php?id=9789233&lang=en
'M/F Clementine',http://www.ferry-site.dk/ferry.php?id=9125384&lang=en
'M/F Delphine',http://www.ferry-site.dk/ferry.php?id=9789245&lang=en
'M/F Hermine',http://www.ferry-site.dk/ferry.php?id=9831177&lang=en
'M/F Laureline',http://www.ferry-site.dk/ferry.php?id=9823352&lang=en
'M/F Maria Grazia Onorato',http://www.ferry-site.dk/ferry.php?id=9848479&lang=en
'M/F Mazarine',http://www.ferry-site.dk/ferry.php?id=9376696&lang=en
'M/F Melusine',http://www.ferry-site.dk/ferry.php?id=9166637&lang=en
'M/F Opaline',http://www.ferry-site.dk/ferry.php?id=9424869&lang=en
'M/F Palatine',http://www.ferry-site.dk/ferry.php?id=9376701&lang=en
'M/F Pauline',http://www.ferry-site.dk/ferry.php?id=9324473&lang=en
'M/F Peregrine',http://www.ferry-site.dk/ferry.php?id=9376725&lang=en
'M/F Sixtine',http://www.ferry-site.dk/ferry.php?id=9831165&lang=en
'M/F Vespertine',http://www.ferry-site.dk/ferry.php?id=9376713&lang=en
'M/F Victorine',http://www.ferry-site.dk/ferry.php?id=9184029&lang=en
'M/F Yasmine',http://www.ferry-site.dk/ferry.php?id=9337353&lang=en
'M/F Ysaline',http://www.ferry-site.dk/ferry.php?id=9823364&lang=en
'HSC Atlantic Express',http://www.ferry-site.dk/ferry.php?id=8919506&lang=en
'HSC Superferry Express',http://www.ferry-site.dk/ferry.php?id=9579690&lang=en
'M/F Color Carrier',http://www.ferry-site.dk/ferry.php?id=9132002&lang=en
'M/F Color Fantasy',http://www.ferry-site.dk/ferry.php?id=9278234&lang=en
'M/F Color Hybrid',http://www.ferry-site.dk/ferry.php?id=9824289&lang=en
'M/F Color Magic',http://www.ferry-site.dk/ferry.php?id=9349863&lang=en
'M/F Color Viking',http://www.ferry-site.dk/ferry.php?id=8317942&lang=en
'M/F SuperSpeed 1',http://www.ferry-site.dk/ferry.php?id=9374519&lang=en
'M/F SuperSpeed 2',http://www.ferry-site.dk/ferry.php?id=9378682&lang=en
'M/F Arrow',http://www.ferry-site.dk/ferry.php?id=9119414&lang=en
'M/F Commodore Clipper',http://www.ferry-site.dk/ferry.php?id=9201750&lang=en
'M/F Commodore Goodwill',http://www.ferry-site.dk/ferry.php?id=9117985&lang=en
'HSC Condor Liberation',http://www.ferry-site.dk/ferry.php?id=9551363&lang=en
'HSC Condor Voyager',http://www.ferry-site.dk/ferry.php?id=9221358&lang=en
'M/F Cacica Isabel',http://www.ferry-site.dk/ferry.php?id=7705104&lang=en
'HSC Carmen Ernestina',http://www.ferry-site.dk/ferry.php?id=9206126&lang=en
'M/F Concepcion Mariño',http://www.ferry-site.dk/ferry.php?id=7705099&lang=en
'HSC Croazia Jet',http://www.ferry-site.dk/ferry.php?id=9140918&lang=en
'HSC Lilia Concepcion',http://www.ferry-site.dk/ferry.php?id=9258973&lang=en
'M/F Maria Rosario',http://www.ferry-site.dk/ferry.php?id=7528489&lang=en
'M/F Rosa Eugenia',http://www.ferry-site.dk/ferry.php?id=7528477&lang=en
'HSC San Francisco de Asis',http://www.ferry-site.dk/ferry.php?id=9241542&lang=en
'HSC Tallink Autoexpress 2',http://www.ferry-site.dk/ferry.php?id=9150286&lang=en
'HSC Virgen de Coromoto',http://www.ferry-site.dk/ferry.php?id=9279264&lang=en
'HSC Virgen del Valle II',http://www.ferry-site.dk/ferry.php?id=9235866&lang=en
'HSC Corsica Express Three',http://www.ferry-site.dk/ferry.php?id=9135963&lang=en
'M/F Corsica Marina Seconda',http://www.ferry-site.dk/ferry.php?id=7349039&lang=en
'M/F Corsica Victoria',http://www.ferry-site.dk/ferry.php?id=7305253&lang=en
'M/F Mega Andrea',http://www.ferry-site.dk/ferry.php?id=8306498&lang=en
'M/F Mega Express',http://www.ferry-site.dk/ferry.php?id=9203174&lang=en
'M/F Mega Express Five',http://www.ferry-site.dk/ferry.php?id=9035101&lang=en
'M/F Mega Express Four',http://www.ferry-site.dk/ferry.php?id=9086590&lang=en
'M/F Mega Express Three',http://www.ferry-site.dk/ferry.php?id=9208083&lang=en
'M/F Mega Express Two',http://www.ferry-site.dk/ferry.php?id=9203186&lang=en
'M/F Mega Regina',http://www.ferry-site.dk/ferry.php?id=8320573&lang=en
'M/F Mega Smeralda',http://www.ferry-site.dk/ferry.php?id=8306486&lang=en
'M/F Pascal Lota',http://www.ferry-site.dk/ferry.php?id=9365398&lang=en
'M/F Sardinia Vera',http://www.ferry-site.dk/ferry.php?id=7360617&lang=en
'M/F A Galeotta',http://www.ferry-site.dk/ferry.php?id=9891749&lang=en
'M/F A Nepita',http://www.ferry-site.dk/ferry.php?id=9211511&lang=en
'M/F Danielle Casanova',http://www.ferry-site.dk/ferry.php?id=9230476&lang=en
'M/F Jean Nicoli',http://www.ferry-site.dk/ferry.php?id=9161948&lang=en
'M/F Mediterranee',http://www.ferry-site.dk/ferry.php?id=8705395&lang=en
'M/F Monte D'oro',http://www.ferry-site.dk/ferry.php?id=8911516&lang=en
'M/F Paglia Orba',http://www.ferry-site.dk/ferry.php?id=9050826&lang=en
'M/F Pascal Paoli',http://www.ferry-site.dk/ferry.php?id=9247510&lang=en
'M/F Vizzavona',http://www.ferry-site.dk/ferry.php?id=9138006&lang=en
'M/F Amilcar',http://www.ferry-site.dk/ferry.php?id=9207998&lang=en
'M/F Carthage',http://www.ferry-site.dk/ferry.php?id=9185396&lang=en
'M/F Elyssa',http://www.ferry-site.dk/ferry.php?id=9208007&lang=en
'M/F Leevsten',http://www.ferry-site.dk/ferry.php?id=9869954&lang=en
'M/F Salammbo',http://www.ferry-site.dk/ferry.php?id=9142461&lang=en
'M/F Severine',http://www.ferry-site.dk/ferry.php?id=9539078&lang=en
'M/F Tanit',http://www.ferry-site.dk/ferry.php?id=9598579&lang=en
'M/F Ulysse',http://www.ferry-site.dk/ferry.php?id=9142459&lang=en
'M/F Anna Mur',http://www.ferry-site.dk/ferry.php?id=8120569&lang=en
'M/F Arbatax',http://www.ferry-site.dk/ferry.php?id=6601088&lang=en
'M/F Enzo D',http://www.ferry-site.dk/ferry.php?id=8989276&lang=en
'M/F Eolo',http://www.ferry-site.dk/ferry.php?id=7048104&lang=en
'M/F GB Conte',http://www.ferry-site.dk/ferry.php?id=8120557&lang=en
'M/F Isola di Caprera',http://www.ferry-site.dk/ferry.php?id=8411994&lang=en
'M/F Isola di S.Stefano',http://www.ferry-site.dk/ferry.php?id=9011026&lang=en
'M/F Luigi Biggio',http://www.ferry-site.dk/ferry.php?id=6607094&lang=en
'M/F Sara D',http://www.ferry-site.dk/ferry.php?id=7398602&lang=en
'M/F St Cecilia',http://www.ferry-site.dk/ferry.php?id=8518546&lang=en
'M/F Drotten',http://www.ferry-site.dk/ferry.php?id=9223796&lang=en
'M/F Gotland',http://www.ferry-site.dk/ferry.php?id=9783071&lang=en
'HSC Gotlandia',http://www.ferry-site.dk/ferry.php?id=9171163&lang=en
'HSC Gotlandia II',http://www.ferry-site.dk/ferry.php?id=9328015&lang=en
'M/F Visby',http://www.ferry-site.dk/ferry.php?id=9763655&lang=en
'M/F Ark Dania',http://www.ferry-site.dk/ferry.php?id=9609964&lang=en
'M/F Ark Futura',http://www.ferry-site.dk/ferry.php?id=9129598&lang=en
'M/F Ark Germania',http://www.ferry-site.dk/ferry.php?id=9609952&lang=en
'M/F Artemis Seaways',http://www.ferry-site.dk/ferry.php?id=9293428&lang=en
'M/F Aspendos Seaways',http://www.ferry-site.dk/ferry.php?id=9322425&lang=en
'M/F Assos Seaways',http://www.ferry-site.dk/ferry.php?id=9293416&lang=en
'M/F Athena Seaways',http://www.ferry-site.dk/ferry.php?id=9350680&lang=en
'M/F Aura Seaways',http://www.ferry-site.dk/ferry.php?id=9851036&lang=en
'M/F Begonia Seaways',http://www.ferry-site.dk/ferry.php?id=9262089&lang=en
'M/F Belgia Seaways',http://www.ferry-site.dk/ferry.php?id=9188233&lang=en
'M/F Botnia Seaways',http://www.ferry-site.dk/ferry.php?id=9192129&lang=en
'M/F Britannia Seaways',http://www.ferry-site.dk/ferry.php?id=9153032&lang=en
'M/F Cappadocia Seaways',http://www.ferry-site.dk/ferry.php?id=9242388&lang=en
'M/F Côte d' Albatre',http://www.ferry-site.dk/ferry.php?id=9320128&lang=en
'M/F Côte des Dunes',http://www.ferry-site.dk/ferry.php?id=9232527&lang=en
'M/F Côte des Flandres',http://www.ferry-site.dk/ferry.php?id=9305843&lang=en
'M/F Côte d’ Opale',http://www.ferry-site.dk/ferry.php?id=9858321&lang=en
'M/F Crown Seaways',http://www.ferry-site.dk/ferry.php?id=8917613&lang=en
'M/F Dardanelles Seaways',http://www.ferry-site.dk/ferry.php?id=9322437&lang=en
'M/F Delft Seaways',http://www.ferry-site.dk/ferry.php?id=9293088&lang=en
'M/F Dover Seaways',http://www.ferry-site.dk/ferry.php?id=9318345&lang=en
'M/F Dunkerque Seaways',http://www.ferry-site.dk/ferry.php?id=9293076&lang=en
'M/F Eliana Marino',http://www.ferry-site.dk/ferry.php?id=9226360&lang=en
'M/F Ephesus Seaways',http://www.ferry-site.dk/ferry.php?id=9816830&lang=en
'M/F Fadiq',http://www.ferry-site.dk/ferry.php?id=9809590&lang=en
'M/F Ficaria Seaways',http://www.ferry-site.dk/ferry.php?id=9320568&lang=en
'M/F Finlandia Seaways',http://www.ferry-site.dk/ferry.php?id=9198721&lang=en
'M/F Flandria Seaways',http://www.ferry-site.dk/ferry.php?id=9860142&lang=en
'M/F Freesia Seaways',http://www.ferry-site.dk/ferry.php?id=9274848&lang=en
'M/F Galata Seaways',http://www.ferry-site.dk/ferry.php?id=9422134&lang=en
'M/F Gallipoli Seaways',http://www.ferry-site.dk/ferry.php?id=9215476&lang=en
'M/F Gardenia Seaways',http://www.ferry-site.dk/ferry.php?id=9809095&lang=en
'M/F Hollandia Seaways',http://www.ferry-site.dk/ferry.php?id=9832585&lang=en
'M/F Humbria Seaways',http://www.ferry-site.dk/ferry.php?id=9832597&lang=en
'M/F Kerry',http://www.ferry-site.dk/ferry.php?id=9243447&lang=en
'M/F King Seaways',http://www.ferry-site.dk/ferry.php?id=8502406&lang=en
'M/F Luna Seaways',http://www.ferry-site.dk/ferry.php?id=9851048&lang=en
'M/F Magnolia Seaways',http://www.ferry-site.dk/ferry.php?id=9259496&lang=en
'M/F Maxine',http://www.ferry-site.dk/ferry.php?id=9188245&lang=en
'M/F Myra Seaways',http://www.ferry-site.dk/ferry.php?id=9422122&lang=en
'M/F Olympos Seaways',http://www.ferry-site.dk/ferry.php?id=9242390&lang=en
'M/F Optima Seaways',http://www.ferry-site.dk/ferry.php?id=9188427&lang=en
'M/F Paqize',http://www.ferry-site.dk/ferry.php?id=9457206&lang=en
'M/F Patria Seaways',http://www.ferry-site.dk/ferry.php?id=8917390&lang=en
'M/F Pearl Seaways',http://www.ferry-site.dk/ferry.php?id=8701674&lang=en
'M/F Pergamon Seaways',http://www.ferry-site.dk/ferry.php?id=9506277&lang=en
'M/F Petunia Seaways',http://www.ferry-site.dk/ferry.php?id=9259501&lang=en
'M/F Primula Seaways',http://www.ferry-site.dk/ferry.php?id=9259513&lang=en
'M/F Princess Seaways',http://www.ferry-site.dk/ferry.php?id=8502391&lang=en
'M/F Regina Seaways',http://www.ferry-site.dk/ferry.php?id=9458535&lang=en
'M/F Scandia Seaways',http://www.ferry-site.dk/ferry.php?id=9864681&lang=en
'M/F Selandia Seaways',http://www.ferry-site.dk/ferry.php?id=9157284&lang=en
'M/F Seven Sisters',http://www.ferry-site.dk/ferry.php?id=9320130&lang=en
'M/F Sirena Seaways',http://www.ferry-site.dk/ferry.php?id=9212163&lang=en
'M/F Suecia Seaways',http://www.ferry-site.dk/ferry.php?id=9153020&lang=en
'M/F Sumela Seaways',http://www.ferry-site.dk/ferry.php?id=9356749&lang=en
'M/F Super-Fast Baleares',http://www.ferry-site.dk/ferry.php?id=9398527&lang=en
'M/F Super-Fast Levante',http://www.ferry-site.dk/ferry.php?id=9204362&lang=en
'M/F Transporter',http://www.ferry-site.dk/ferry.php?id=8820858&lang=en
'M/F Troy Seaways',http://www.ferry-site.dk/ferry.php?id=9816842&lang=en
'M/F Tulipa Seaways',http://www.ferry-site.dk/ferry.php?id=9809100&lang=en
'M/F Victoria Seaways',http://www.ferry-site.dk/ferry.php?id=9350721&lang=en
'M/F Visby',http://www.ferry-site.dk/ferry.php?id=9223784&lang=en
'M/F Zeugma Seaways',http://www.ferry-site.dk/ferry.php?id=9356737&lang=en
'M/F Finlandia',http://www.ferry-site.dk/ferry.php?id=9214379&lang=en
'M/F Eckerö',http://www.ferry-site.dk/ferry.php?id=7633155&lang=en
'M/F Egholm',http://www.ferry-site.dk/ferry.php?id=Egholm1972&lang=en
'M/F Egholm II',http://www.ferry-site.dk/ferry.php?id=Juliusplate1963&lang=en
'M/F Endelave',http://www.ferry-site.dk/ferry.php?id=9157105&lang=en
'M/F Fenja',http://www.ferry-site.dk/ferry.php?id=9189378&lang=en
'M/F Grotte',http://www.ferry-site.dk/ferry.php?id=9909429&lang=en
'M/F Menja',http://www.ferry-site.dk/ferry.php?id=9189380&lang=en
'M/F Ekaterini P',http://www.ferry-site.dk/ferry.php?id=9000443&lang=en
'M/F Fast Ferries Andros',http://www.ferry-site.dk/ferry.php?id=8907280&lang=en
'M/F Theologos P',http://www.ferry-site.dk/ferry.php?id=9223150&lang=en
'HSC Thunder',http://www.ferry-site.dk/ferry.php?id=9188867&lang=en
'M/F Finbo Cargo',http://www.ferry-site.dk/ferry.php?id=9181106&lang=en
'M/F Eurocargo Savona',http://www.ferry-site.dk/ferry.php?id=9457191&lang=en
'M/F Finnbreeze',http://www.ferry-site.dk/ferry.php?id=9468889&lang=en
'M/F Finneco I',http://www.ferry-site.dk/ferry.php?id=9856830&lang=en
'M/F Finneco II',http://www.ferry-site.dk/ferry.php?id=9856842&lang=en
'M/F Finneco III',http://www.ferry-site.dk/ferry.php?id=9856854&lang=en
'M/F Finnhawk',http://www.ferry-site.dk/ferry.php?id=9207895&lang=en
'M/F Finnkraft',http://www.ferry-site.dk/ferry.php?id=9207883&lang=en
'M/F Finnlady',http://www.ferry-site.dk/ferry.php?id=9336268&lang=en
'M/F Finnmaid',http://www.ferry-site.dk/ferry.php?id=9319466&lang=en
'M/F Finnmerchant',http://www.ferry-site.dk/ferry.php?id=9234082&lang=en
'M/F Finnmill',http://www.ferry-site.dk/ferry.php?id=9212656&lang=en
'M/F Finnpulp',http://www.ferry-site.dk/ferry.php?id=9212644&lang=en
'M/F Finnsea',http://www.ferry-site.dk/ferry.php?id=9468891&lang=en
'M/F Finnsky',http://www.ferry-site.dk/ferry.php?id=9468906&lang=en
'M/F Finnstar',http://www.ferry-site.dk/ferry.php?id=9319442&lang=en
'M/F Finnsun',http://www.ferry-site.dk/ferry.php?id=9468918&lang=en
'M/F Finntide',http://www.ferry-site.dk/ferry.php?id=9468920&lang=en
'M/F Finnwave',http://www.ferry-site.dk/ferry.php?id=9468932&lang=en
'M/F Inowroclaw',http://www.ferry-site.dk/ferry.php?id=7804053&lang=en
'M/F Europalink',http://www.ferry-site.dk/ferry.php?id=9319454&lang=en
'M/F Finncanopus',http://www.ferry-site.dk/ferry.php?id=finnlink2023-2&lang=en
'M/F Finnfellow',http://www.ferry-site.dk/ferry.php?id=9145164&lang=en
'M/F Finnsirius',http://www.ferry-site.dk/ferry.php?id=finnlink2023-1&lang=en
'M/F Finnswan',http://www.ferry-site.dk/ferry.php?id=9336256&lang=en
'M/F Bergensfjord',http://www.ferry-site.dk/ferry.php?id=9586617&lang=en
'HSC Fjord FSTR',http://www.ferry-site.dk/ferry.php?id=9837339&lang=en
'M/F Oslofjord',http://www.ferry-site.dk/ferry.php?id=9058995&lang=en
'M/F Stavangerfjord',http://www.ferry-site.dk/ferry.php?id=9586605&lang=en
'M/F ???',http://www.ferry-site.dk/ferry.php?id=Fjord1-1113&lang=en
'M/F ???',http://www.ferry-site.dk/ferry.php?id=Fjord1-1114&lang=en
'M/F Austrått',http://www.ferry-site.dk/ferry.php?id=9821990&lang=en
'M/F Bergensfjord',http://www.ferry-site.dk/ferry.php?id=9343091&lang=en
'M/F Bjørnsund',http://www.ferry-site.dk/ferry.php?id=7805215&lang=en
'M/F Boknafjord',http://www.ferry-site.dk/ferry.php?id=9599896&lang=en
'M/F Bolsøy',http://www.ferry-site.dk/ferry.php?id=7120031&lang=en
'M/F Davik',http://www.ferry-site.dk/ferry.php?id=9506849&lang=en
'M/F Driva',http://www.ferry-site.dk/ferry.php?id=6405238&lang=en
'M/F Dryna',http://www.ferry-site.dk/ferry.php?id=9337884&lang=en
'M/F Eid',http://www.ferry-site.dk/ferry.php?id=7700403&lang=en
'M/F Eidsfjord',http://www.ferry-site.dk/ferry.php?id=9811464&lang=en
'M/F Eira',http://www.ferry-site.dk/ferry.php?id=9261621&lang=en
'M/F Eresfjord',http://www.ferry-site.dk/ferry.php?id=9862009&lang=en
'M/F Fannefjord',http://www.ferry-site.dk/ferry.php?id=9477127&lang=en
'M/F Florøy',http://www.ferry-site.dk/ferry.php?id=9850721&lang=en
'M/F Giskøy',http://www.ferry-site.dk/ferry.php?id=9832303&lang=en
'M/F Gloppefjord',http://www.ferry-site.dk/ferry.php?id=9811452&lang=en
'M/F Glutra',http://www.ferry-site.dk/ferry.php?id=9208461&lang=en
'M/F Grip',http://www.ferry-site.dk/ferry.php?id=9855408&lang=en
'M/F Hadarøy',http://www.ferry-site.dk/ferry.php?id=9832286&lang=en
'M/F Harøy',http://www.ferry-site.dk/ferry.php?id=9337896&lang=en
'M/F Hillefjord',http://www.ferry-site.dk/ferry.php?id=9850719&lang=en
'M/F Hjørundfjord',http://www.ferry-site.dk/ferry.php?id=9528471&lang=en
'M/F Horgefjord',http://www.ferry-site.dk/ferry.php?id=9826964&lang=en
'M/F Hornelen',http://www.ferry-site.dk/ferry.php?id=9771638&lang=en
'M/F Husavik',http://www.ferry-site.dk/ferry.php?id=9821988&lang=en
'M/F Ivar Aasen',http://www.ferry-site.dk/ferry.php?id=9156943&lang=en
'M/F Julsund',http://www.ferry-site.dk/ferry.php?id=9319260&lang=en
'M/F Kommandøren',http://www.ferry-site.dk/ferry.php?id=9833981&lang=en
'M/F Korsfjord',http://www.ferry-site.dk/ferry.php?id=9534860&lang=en
'M/F Kvernes',http://www.ferry-site.dk/ferry.php?id=7618832&lang=en
'M/F Lifjord',http://www.ferry-site.dk/ferry.php?id=9521710&lang=en
'M/F Losna',http://www.ferry-site.dk/ferry.php?id=9771640&lang=en
'M/F Lote',http://www.ferry-site.dk/ferry.php?id=9361184&lang=en
'M/F Lærdal',http://www.ferry-site.dk/ferry.php?id=9151565&lang=en
'M/F Mastrafjord',http://www.ferry-site.dk/ferry.php?id=9344760&lang=en
'M/F Moldefjord',http://www.ferry-site.dk/ferry.php?id=9477115&lang=en
'M/F Møkstrafjord',http://www.ferry-site.dk/ferry.php?id=9815006&lang=en
'M/F Norangsfjord',http://www.ferry-site.dk/ferry.php?id=9521722&lang=en
'M/F Nordfjord',http://www.ferry-site.dk/ferry.php?id=9251949&lang=en
'M/F Rauma',http://www.ferry-site.dk/ferry.php?id=8704054&lang=en
'M/F Raunefjord',http://www.ferry-site.dk/ferry.php?id=9344772&lang=en
'M/F Romsdal',http://www.ferry-site.dk/ferry.php?id=8710297&lang=en
'M/F Romsdalsfjord',http://www.ferry-site.dk/ferry.php?id=9477139&lang=en
'M/F Rovdehorn',http://www.ferry-site.dk/ferry.php?id=9832315&lang=en
'M/F Rødvenfjord',http://www.ferry-site.dk/ferry.php?id=9889382&lang=en
'M/F Selje',http://www.ferry-site.dk/ferry.php?id=8610136&lang=en
'M/F Sildafjord',http://www.ferry-site.dk/ferry.php?id=9850733&lang=en
'M/F Skopphorn',http://www.ferry-site.dk/ferry.php?id=9832327&lang=en
'M/F Sognefjord',http://www.ferry-site.dk/ferry.php?id=8311302&lang=en
'M/F Solnør',http://www.ferry-site.dk/ferry.php?id=7611755&lang=en
'M/F Solskjel',http://www.ferry-site.dk/ferry.php?id=8010544&lang=en
'M/F Stangvikfjord',http://www.ferry-site.dk/ferry.php?id=9855173&lang=en
'M/F Stavangerfjord',http://www.ferry-site.dk/ferry.php?id=9344746&lang=en
'M/F Storfjord',http://www.ferry-site.dk/ferry.php?id=9528469&lang=en
'M/F Sulafjord',http://www.ferry-site.dk/ferry.php?id=8512114&lang=en
'M/F Suløy',http://www.ferry-site.dk/ferry.php?id=9832298&lang=en
'M/F Svanøy',http://www.ferry-site.dk/ferry.php?id=9035163&lang=en
'M/F Sykkylvsfjord',http://www.ferry-site.dk/ferry.php?id=7405924&lang=en
'M/F Tustna',http://www.ferry-site.dk/ferry.php?id=9855393&lang=en
'M/F Vestrått',http://www.ferry-site.dk/ferry.php?id=9822009&lang=en
'M/F Veøy',http://www.ferry-site.dk/ferry.php?id=7368748&lang=en
'M/F Volda',http://www.ferry-site.dk/ferry.php?id=9254898&lang=en
'M/F Vågsøy',http://www.ferry-site.dk/ferry.php?id=9506837&lang=en
'M/F Årdal',http://www.ferry-site.dk/ferry.php?id=9428803&lang=en
'M/F Aurora af Helsingborg',http://www.ferry-site.dk/ferry.php?id=9007128&lang=en
'M/F Hamlet',http://www.ferry-site.dk/ferry.php?id=9150030&lang=en
'M/F Mercandia IV',http://www.ferry-site.dk/ferry.php?id=8611685&lang=en
'M/F Mercandia VIII',http://www.ferry-site.dk/ferry.php?id=8611623&lang=en
'M/F Tycho Brahe',http://www.ferry-site.dk/ferry.php?id=9007116&lang=en
'M/F Lagatun',http://www.ferry-site.dk/ferry.php?id=9820398&lang=en
'M/F Munken',http://www.ferry-site.dk/ferry.php?id=9820403&lang=en
'M/F Trondheim',http://www.ferry-site.dk/ferry.php?id=9018634&lang=en
'HSC Skane Jet',http://www.ferry-site.dk/ferry.php?id=9176060&lang=en
'M/F Ernst Sturm',http://www.ferry-site.dk/ferry.php?id=7824596&lang=en
'M/F Glückstadt',http://www.ferry-site.dk/ferry.php?id=Gluckstadt1959&lang=en
'M/F Wilhelm Krooss',http://www.ferry-site.dk/ferry.php?id=7121530&lang=en
'M/F Wischhafen',http://www.ferry-site.dk/ferry.php?id=Wischhafen1988&lang=en
'HSC Algeciras Jet',http://www.ferry-site.dk/ferry.php?id=9198551&lang=en
'HSC Ceuta Jet',http://www.ferry-site.dk/ferry.php?id=9174323&lang=en
'M/F Kattegat',http://www.ferry-site.dk/ferry.php?id=9112765&lang=en
'HSC Levante Jet',http://www.ferry-site.dk/ferry.php?id=9722819&lang=en
'M/F Miramar Express',http://www.ferry-site.dk/ferry.php?id=9183790&lang=en
'M/F Tanger Express',http://www.ferry-site.dk/ferry.php?id=9112777&lang=en
'HSC Tarifa Jet',http://www.ferry-site.dk/ferry.php?id=9150999&lang=en
'M/F Römöexpress',http://www.ferry-site.dk/ferry.php?id=9008794&lang=en
'M/F Sylt Express',http://www.ferry-site.dk/ferry.php?id=9321823&lang=en
'M/F Mjølner-Fur',http://www.ferry-site.dk/ferry.php?id=9635327&lang=en
'M/F Sleipner-Fur',http://www.ferry-site.dk/ferry.php?id=9139854&lang=en
'M/F Orø',http://www.ferry-site.dk/ferry.php?id=9287613&lang=en
'M/F Ane Læsø',http://www.ferry-site.dk/ferry.php?id=9107370&lang=en
'M/F Margrete Læsø',http://www.ferry-site.dk/ferry.php?id=9139438&lang=en
'HSC Super Express',http://www.ferry-site.dk/ferry.php?id=9176046&lang=en
'M/F Superferry',http://www.ferry-site.dk/ferry.php?id=9110016&lang=en
'M/F Gaudos',http://www.ferry-site.dk/ferry.php?id=9176319&lang=en
'M/F Malita',http://www.ferry-site.dk/ferry.php?id=9176321&lang=en
'M/F Nikolaos',http://www.ferry-site.dk/ferry.php?id=8611506&lang=en
'M/F Ta' Pinu',http://www.ferry-site.dk/ferry.php?id=9176307&lang=en
'M/F Caroline Russ',http://www.ferry-site.dk/ferry.php?id=9197533&lang=en
'M/F Elisabeth Russ',http://www.ferry-site.dk/ferry.php?id=9186429&lang=en
'M/F Excellent',http://www.ferry-site.dk/ferry.php?id=9143441&lang=en
'M/F Excelsior',http://www.ferry-site.dk/ferry.php?id=9184419&lang=en
'M/F Fantastic',http://www.ferry-site.dk/ferry.php?id=9100267&lang=en
'M/F Forza',http://www.ferry-site.dk/ferry.php?id=9458523&lang=en
'M/F GNV Allegra',http://www.ferry-site.dk/ferry.php?id=8506311&lang=en
'M/F GNV Antares',http://www.ferry-site.dk/ferry.php?id=8503797&lang=en
'M/F GNV Aries',http://www.ferry-site.dk/ferry.php?id=8501957&lang=en
'M/F GNV Atlas',http://www.ferry-site.dk/ferry.php?id=8712520&lang=en
'M/F GNV Azzurra',http://www.ferry-site.dk/ferry.php?id=7826790&lang=en
'M/F GNV Bridge',http://www.ferry-site.dk/ferry.php?id=9893369&lang=en
'M/F GNV Cristal',http://www.ferry-site.dk/ferry.php?id=8712518&lang=en
'M/F GNV Sealand',http://www.ferry-site.dk/ferry.php?id=9435454&lang=en
'M/F Golden Bridge',http://www.ferry-site.dk/ferry.php?id=8902345&lang=en
'M/F La Superba',http://www.ferry-site.dk/ferry.php?id=9214276&lang=en
'M/F La Suprema',http://www.ferry-site.dk/ferry.php?id=9214288&lang=en
'M/F Majestic',http://www.ferry-site.dk/ferry.php?id=9015735&lang=en
'M/F Rhapsody',http://www.ferry-site.dk/ferry.php?id=9104835&lang=en
'M/F SNAV Adriatico',http://www.ferry-site.dk/ferry.php?id=8416308&lang=en
'M/F Splendid',http://www.ferry-site.dk/ferry.php?id=9015747&lang=en
'M/F Tenacia',http://www.ferry-site.dk/ferry.php?id=9350707&lang=en
'M/F Anholt',http://www.ferry-site.dk/ferry.php?id=9263368&lang=en
'M/F Catania',http://www.ferry-site.dk/ferry.php?id=9261554&lang=en
'M/F Corfu',http://www.ferry-site.dk/ferry.php?id=9349758&lang=en
'M/F Cruise Ausonia',http://www.ferry-site.dk/ferry.php?id=9227429&lang=en
'M/F Cruise Barcelona',http://www.ferry-site.dk/ferry.php?id=9351488&lang=en
'M/F Cruise Bonaria',http://www.ferry-site.dk/ferry.php?id=9204063&lang=en
'M/F Cruise Europa',http://www.ferry-site.dk/ferry.php?id=9351490&lang=en
'M/F Cruise Roma',http://www.ferry-site.dk/ferry.php?id=9351476&lang=en
'M/F Cruise Sardegna',http://www.ferry-site.dk/ferry.php?id=9351505&lang=en
'M/F Cruise Smeralda',http://www.ferry-site.dk/ferry.php?id=9144811&lang=en
'M/F Eco ???',http://www.ferry-site.dk/ferry.php?id=9859600&lang=en
'M/F Eco ???',http://www.ferry-site.dk/ferry.php?id=9859595&lang=en
'M/F Eco ???',http://www.ferry-site.dk/ferry.php?id=9859612&lang=en
'M/F Eco Barcelona',http://www.ferry-site.dk/ferry.php?id=9859545&lang=en
'M/F Eco Catania',http://www.ferry-site.dk/ferry.php?id=9859571&lang=en
'M/F Eco Livorno',http://www.ferry-site.dk/ferry.php?id=9859557&lang=en
'M/F Eco Malta',http://www.ferry-site.dk/ferry.php?id=9859583&lang=en
'M/F Eco Savona',http://www.ferry-site.dk/ferry.php?id=9859569&lang=en
'M/F Eco Valencia',http://www.ferry-site.dk/ferry.php?id=9859533&lang=en
'M/F Eurocargo Alexandria',http://www.ferry-site.dk/ferry.php?id=9465540&lang=en
'M/F Eurocargo Bari',http://www.ferry-site.dk/ferry.php?id=9471082&lang=en
'M/F Eurocargo Cagliari',http://www.ferry-site.dk/ferry.php?id=9471068&lang=en
'M/F Eurocargo Catania',http://www.ferry-site.dk/ferry.php?id=9503627&lang=en
'M/F Eurocargo Genova',http://www.ferry-site.dk/ferry.php?id=9458951&lang=en
'M/F Eurocargo Istanbul',http://www.ferry-site.dk/ferry.php?id=9165310&lang=en
'M/F Eurocargo Livorno',http://www.ferry-site.dk/ferry.php?id=9471070&lang=en
'M/F Eurocargo Malta',http://www.ferry-site.dk/ferry.php?id=9465514&lang=en
'M/F Eurocargo Napoli',http://www.ferry-site.dk/ferry.php?id=9108568&lang=en
'M/F Eurocargo Palermo',http://www.ferry-site.dk/ferry.php?id=9465538&lang=en
'M/F Eurocargo Ravenna',http://www.ferry-site.dk/ferry.php?id=9471056&lang=en
'M/F Eurocargo Roma',http://www.ferry-site.dk/ferry.php?id=9465526&lang=en
'M/F Eurocargo Salerno',http://www.ferry-site.dk/ferry.php?id=9175494&lang=en
'M/F Eurocargo Sicilia',http://www.ferry-site.dk/ferry.php?id=9457177&lang=en
'M/F Eurocargo Valencia',http://www.ferry-site.dk/ferry.php?id=9192959&lang=en
'M/F Eurocargo Venezia',http://www.ferry-site.dk/ferry.php?id=9465552&lang=en
'M/F Euroferry Olympia',http://www.ferry-site.dk/ferry.php?id=9010175&lang=en
'M/F Europa Palace',http://www.ferry-site.dk/ferry.php?id=9198939&lang=en
'M/F Finnmaster',http://www.ferry-site.dk/ferry.php?id=9132014&lang=en
'M/F Florencia',http://www.ferry-site.dk/ferry.php?id=9287584&lang=en
'M/F Gran Bretagna',http://www.ferry-site.dk/ferry.php?id=9143702&lang=en
'M/F Grande Abidjan',http://www.ferry-site.dk/ferry.php?id=9680712&lang=en
'M/F Grande Africa',http://www.ferry-site.dk/ferry.php?id=9130949&lang=en
'M/F Grande Angola',http://www.ferry-site.dk/ferry.php?id=9343156&lang=en
'M/F Grande Anversa',http://www.ferry-site.dk/ferry.php?id=9287417&lang=en
'M/F Grande Argentina',http://www.ferry-site.dk/ferry.php?id=9198135&lang=en
'M/F Grande Atlantico',http://www.ferry-site.dk/ferry.php?id=9130951&lang=en
'M/F Grande Baltimora',http://www.ferry-site.dk/ferry.php?id=9784037&lang=en
'M/F Grande Brasile',http://www.ferry-site.dk/ferry.php?id=9198123&lang=en
'M/F Grande Buenos Aires',http://www.ferry-site.dk/ferry.php?id=9253210&lang=en
'M/F Grande Colonia',http://www.ferry-site.dk/ferry.php?id=9318527&lang=en
'M/F Grande Congo',http://www.ferry-site.dk/ferry.php?id=9437921&lang=en
'M/F Grande Dakar',http://www.ferry-site.dk/ferry.php?id=9680724&lang=en
'M/F Grande Ellade',http://www.ferry-site.dk/ferry.php?id=9220627&lang=en
'M/F Grande Europa',http://www.ferry-site.dk/ferry.php?id=9138381&lang=en
'M/F Grande Florida',http://www.ferry-site.dk/ferry.php?id=9782716&lang=en
'M/F Grande Francia',http://www.ferry-site.dk/ferry.php?id=9246592&lang=en
'M/F Grande Gabon',http://www.ferry-site.dk/ferry.php?id=9437933&lang=en
'M/F Grande Ghana',http://www.ferry-site.dk/ferry.php?id=9343168&lang=en
'M/F Grande Guinea',http://www.ferry-site.dk/ferry.php?id=9437919&lang=en
'M/F Grande Halifax',http://www.ferry-site.dk/ferry.php?id=9784051&lang=en
'M/F Grande Luanda',http://www.ferry-site.dk/ferry.php?id=9724738&lang=en
'M/F Grande Mediterraneo',http://www.ferry-site.dk/ferry.php?id=9138393&lang=en
'M/F Grande Mirafiori',http://www.ferry-site.dk/ferry.php?id=9782687&lang=en
'M/F Grande Napoli',http://www.ferry-site.dk/ferry.php?id=9247924&lang=en
'M/F Grande New Jersey',http://www.ferry-site.dk/ferry.php?id=9782704&lang=en
'M/F Grande New York',http://www.ferry-site.dk/ferry.php?id=9784049&lang=en
'M/F Grande Portogallo',http://www.ferry-site.dk/ferry.php?id=9245598&lang=en
'M/F Grande Roma',http://www.ferry-site.dk/ferry.php?id=9247936&lang=en
'M/F Grande San Paolo',http://www.ferry-site.dk/ferry.php?id=9253208&lang=en
'M/F Grande Scandinavia',http://www.ferry-site.dk/ferry.php?id=9220615&lang=en
'M/F Grande Sicilia',http://www.ferry-site.dk/ferry.php?id=9312092&lang=en
'M/F Grande Sierra Leone',http://www.ferry-site.dk/ferry.php?id=9437945&lang=en
'M/F Grande Spagna',http://www.ferry-site.dk/ferry.php?id=9227924&lang=en
'M/F Grande Tema',http://www.ferry-site.dk/ferry.php?id=9672090&lang=en
'M/F Venezia',http://www.ferry-site.dk/ferry.php?id=9304631&lang=en
'M/F Zeus Palace',http://www.ferry-site.dk/ferry.php?id=9208071&lang=en
'M/F Egense',http://www.ferry-site.dk/ferry.php?id=8878415&lang=en
'M/F Hals-Egense',http://www.ferry-site.dk/ferry.php?id=8878403&lang=en
'M/F Drotten',http://www.ferry-site.dk/ferry.php?id=9223796&lang=en
'M/F Bitten Clausen',http://www.ferry-site.dk/ferry.php?id=9237840&lang=en
'M/F Ariadne',http://www.ferry-site.dk/ferry.php?id=9135262&lang=en
'M/F Artemis',http://www.ferry-site.dk/ferry.php?id=8966951&lang=en
'M/F Express Skiathos',http://www.ferry-site.dk/ferry.php?id=9064803&lang=en
'HSC Hellenic Highspeed',http://www.ferry-site.dk/ferry.php?id=9141845&lang=en
'HSC Highspeed 4',http://www.ferry-site.dk/ferry.php?id=9216183&lang=en
'M/F Nissos Rodos',http://www.ferry-site.dk/ferry.php?id=8704406&lang=en
'M/F Nissos Samos',http://www.ferry-site.dk/ferry.php?id=8712635&lang=en
'M/F Romantika',http://www.ferry-site.dk/ferry.php?id=9237589&lang=en
'M/F Isefjord',http://www.ferry-site.dk/ferry.php?id=9615781&lang=en
'M/F Nakkehage',http://www.ferry-site.dk/ferry.php?id=8872100&lang=en
'M/S Finnmarken',http://www.ferry-site.dk/ferry.php?id=9231951&lang=en
'M/S Fram',http://www.ferry-site.dk/ferry.php?id=9370018&lang=en
'M/S Kong Harald',http://www.ferry-site.dk/ferry.php?id=9039119&lang=en
'M/S Lofoten',http://www.ferry-site.dk/ferry.php?id=5424562&lang=en
'M/S Midnatsol',http://www.ferry-site.dk/ferry.php?id=9247728&lang=en
'M/S Nordkapp',http://www.ferry-site.dk/ferry.php?id=9107772&lang=en
'M/S Nordlys',http://www.ferry-site.dk/ferry.php?id=9048914&lang=en
'M/S Nordnorge',http://www.ferry-site.dk/ferry.php?id=9107784&lang=en
'M/S Polarlys',http://www.ferry-site.dk/ferry.php?id=9107796&lang=en
'M/S Richard With',http://www.ferry-site.dk/ferry.php?id=9040429&lang=en
'M/S Spitsbergen',http://www.ferry-site.dk/ferry.php?id=9434060&lang=en
'M/S Trollfjord',http://www.ferry-site.dk/ferry.php?id=9233258&lang=en
'M/S Vesterålen',http://www.ferry-site.dk/ferry.php?id=8019368&lang=en
'M/F Mary',http://www.ferry-site.dk/ferry.php?id=9363352&lang=en
'M/F Ichnusa',http://www.ferry-site.dk/ferry.php?id=8412871&lang=en
'HSC Boraq',http://www.ferry-site.dk/ferry.php?id=9216171&lang=en
'HSC Detroit Jet',http://www.ferry-site.dk/ferry.php?id=9216169&lang=en
'M/F Maestro Sun',http://www.ferry-site.dk/ferry.php?id=8401133&lang=en
'M/F Med Star',http://www.ferry-site.dk/ferry.php?id=8604345&lang=en
'M/F ???',http://www.ferry-site.dk/ferry.php?id=9946180&lang=en
'M/F ???',http://www.ferry-site.dk/ferry.php?id=9946269&lang=en
'M/F Aratere',http://www.ferry-site.dk/ferry.php?id=9174828&lang=en
'M/F Kaiarahi',http://www.ferry-site.dk/ferry.php?id=9147291&lang=en
'M/F Kaitaki',http://www.ferry-site.dk/ferry.php?id=9107942&lang=en
'M/F Valentine',http://www.ferry-site.dk/ferry.php?id=9166625&lang=en
'M/F Blue Star 1',http://www.ferry-site.dk/ferry.php?id=9197105&lang=en
'HSC Dublin Swift',http://www.ferry-site.dk/ferry.php?id=9243227&lang=en
'M/F Epsilon',http://www.ferry-site.dk/ferry.php?id=9539054&lang=en
'M/F Isle of ???',http://www.ferry-site.dk/ferry.php?id=9181091&lang=en
'M/F Isle of Inishmore',http://www.ferry-site.dk/ferry.php?id=9142605&lang=en
'M/F Isle of Innisfree',http://www.ferry-site.dk/ferry.php?id=8908466&lang=en
'M/F Ulysses',http://www.ferry-site.dk/ferry.php?id=9214991&lang=en
'M/F W.B. Yeats',http://www.ferry-site.dk/ferry.php?id=9809679&lang=en
'M/F Ben-my-Chree',http://www.ferry-site.dk/ferry.php?id=9170705&lang=en
'HSC Manannan',http://www.ferry-site.dk/ferry.php?id=9176072&lang=en
'M/F Manxman',http://www.ferry-site.dk/ferry.php?id=9917244&lang=en
'M/F Bartol Kasic',http://www.ferry-site.dk/ferry.php?id=8713641&lang=en
'M/F Biokovo',http://www.ferry-site.dk/ferry.php?id=9559107&lang=en
'M/F Bol',http://www.ferry-site.dk/ferry.php?id=8736344&lang=en
'M/F Brac',http://www.ferry-site.dk/ferry.php?id=9703710&lang=en
'M/F Brestova',http://www.ferry-site.dk/ferry.php?id=8625090&lang=en
'M/F Cres',http://www.ferry-site.dk/ferry.php?id=9334741&lang=en
'M/F Dubrovnik',http://www.ferry-site.dk/ferry.php?id=7615048&lang=en
'M/F Faros',http://www.ferry-site.dk/ferry.php?id=8745840&lang=en
'M/F Hanibal Lucić',http://www.ferry-site.dk/ferry.php?id=9121936&lang=en
'M/F Hrvat',http://www.ferry-site.dk/ferry.php?id=9415181&lang=en
'M/F Ilovik',http://www.ferry-site.dk/ferry.php?id=8736332&lang=en
'M/F Jadran',http://www.ferry-site.dk/ferry.php?id=9559119&lang=en
'M/F Juraj Dalmatinac',http://www.ferry-site.dk/ferry.php?id=9415193&lang=en
'M/F Kijevo',http://www.ferry-site.dk/ferry.php?id=9176840&lang=en
'M/F Korcula',http://www.ferry-site.dk/ferry.php?id=9476305&lang=en
'M/F Kornati',http://www.ferry-site.dk/ferry.php?id=9703708&lang=en
'M/F Krk',http://www.ferry-site.dk/ferry.php?id=9703722&lang=en
'M/F Laslovo',http://www.ferry-site.dk/ferry.php?id=9176838&lang=en
'M/F Lastovo',http://www.ferry-site.dk/ferry.php?id=7010717&lang=en
'M/F Lošinjanka',http://www.ferry-site.dk/ferry.php?id=7038513&lang=en
'M/F Marjan',http://www.ferry-site.dk/ferry.php?id=9362786&lang=en
'M/F Marko Polo',http://www.ferry-site.dk/ferry.php?id=7230599&lang=en
'M/F Mate Balota',http://www.ferry-site.dk/ferry.php?id=8619912&lang=en
'M/F Mljet',http://www.ferry-site.dk/ferry.php?id=9703734&lang=en
'M/F Otok Pašman',http://www.ferry-site.dk/ferry.php?id=9281748&lang=en
'M/F Pelješčanka',http://www.ferry-site.dk/ferry.php?id=7111195&lang=en
'M/F Petar Hektorovic',http://www.ferry-site.dk/ferry.php?id=8702446&lang=en
'M/F Prizna',http://www.ferry-site.dk/ferry.php?id=8971724&lang=en
'M/F Sis',http://www.ferry-site.dk/ferry.php?id=7341219&lang=en
'M/F Ston',http://www.ferry-site.dk/ferry.php?id=8971736&lang=en
'M/F Supetar',http://www.ferry-site.dk/ferry.php?id=9328182&lang=en
'M/F Sv. Juraj',http://www.ferry-site.dk/ferry.php?id=7912159&lang=en
'M/F Sveti Krsevan',http://www.ferry-site.dk/ferry.php?id=9326562&lang=en
'M/F Tin Ujevic',http://www.ferry-site.dk/ferry.php?id=8974207&lang=en
'M/F Valun',http://www.ferry-site.dk/ferry.php?id=8223282&lang=en
'M/F Vladimir Nazor',http://www.ferry-site.dk/ferry.php?id=8108406&lang=en
'M/F Zadar',http://www.ferry-site.dk/ferry.php?id=9021485&lang=en
'M/F Šoltanka',http://www.ferry-site.dk/ferry.php?id=7120251&lang=en
'M/F Agia Theodora',http://www.ferry-site.dk/ferry.php?id=8822155&lang=en
'M/F Columbus',http://www.ferry-site.dk/ferry.php?id=StroemIII1947&lang=en
'M/F Girolata',http://www.ferry-site.dk/ferry.php?id=9088859&lang=en
'M/F Kalliste',http://www.ferry-site.dk/ferry.php?id=9050618&lang=en
'M/F Pelagos',http://www.ferry-site.dk/ferry.php?id=9136034&lang=en
'M/F Piana',http://www.ferry-site.dk/ferry.php?id=9526332&lang=en
'M/F Langeland',http://www.ferry-site.dk/ferry.php?id=9596428&lang=en
'M/F Lolland',http://www.ferry-site.dk/ferry.php?id=9594690&lang=en
'M/F Carloforte',http://www.ferry-site.dk/ferry.php?id=7315272&lang=en
'HSC Don Francesco',http://www.ferry-site.dk/ferry.php?id=9229740&lang=en
'M/F Maria Maddalena',http://www.ferry-site.dk/ferry.php?id=8138035&lang=en
'M/F Tetide',http://www.ferry-site.dk/ferry.php?id=8809074&lang=en
'M/F Andreas Kalvos',http://www.ferry-site.dk/ferry.php?id=8500484&lang=en
'M/F Fior Di Levante',http://www.ferry-site.dk/ferry.php?id=9143491&lang=en
'M/F Kefalonia',http://www.ferry-site.dk/ferry.php?id=7426045&lang=en
'M/F Mare di Levante',http://www.ferry-site.dk/ferry.php?id=8405191&lang=en
'M/F Smyrna',http://www.ferry-site.dk/ferry.php?id=7527887&lang=en
'HSC Bajamar Express',http://www.ferry-site.dk/ferry.php?id=9874296&lang=en
'HSC Bañaderos Express',http://www.ferry-site.dk/ferry.php?id=9874301&lang=en
'HSC Benchijigua Express',http://www.ferry-site.dk/ferry.php?id=9299056&lang=en
'HSC Bencomo Express',http://www.ferry-site.dk/ferry.php?id=9206712&lang=en
'HSC Bentago Express',http://www.ferry-site.dk/ferry.php?id=9213337&lang=en
'HSC Betancuria Express',http://www.ferry-site.dk/ferry.php?id=9557848&lang=en
'HSC Bocayna Express',http://www.ferry-site.dk/ferry.php?id=9285378&lang=en
'M/F Askø',http://www.ferry-site.dk/ferry.php?id=9082635&lang=en
'M/F Christine',http://www.ferry-site.dk/ferry.php?id=9257632&lang=en
'M/F Femøsund',http://www.ferry-site.dk/ferry.php?id=9129782&lang=en
'M/F Smålandshavet',http://www.ferry-site.dk/ferry.php?id=8704860&lang=en
'M/F Pace',http://www.ferry-site.dk/ferry.php?id=7351032&lang=en
'M/F ???',http://www.ferry-site.dk/ferry.php?id=9946257&lang=en
'M/F Atlantic Vision',http://www.ferry-site.dk/ferry.php?id=9211509&lang=en
'M/F Blue Puttees',http://www.ferry-site.dk/ferry.php?id=9331177&lang=en
'M/F Highlanders',http://www.ferry-site.dk/ferry.php?id=9331189&lang=en
'M/F Leif Ericson',http://www.ferry-site.dk/ferry.php?id=8917388&lang=en
'M/F Agata',http://www.ferry-site.dk/ferry.php?id=7351020&lang=en
'M/F Benito Buono',http://www.ferry-site.dk/ferry.php?id=6809719&lang=en
'M/F Maria Buono',http://www.ferry-site.dk/ferry.php?id=8822167&lang=en
'M/F Medmar Giulia',http://www.ferry-site.dk/ferry.php?id=7109609&lang=en
'M/F Quirino',http://www.ferry-site.dk/ferry.php?id=7717262&lang=en
'M/F Rosa d'Abundo',http://www.ferry-site.dk/ferry.php?id=7911143&lang=en
'M/F Tourist Ferry Boat Secondo',http://www.ferry-site.dk/ferry.php?id=8841383&lang=en
'M/F Tourist Ferry Boat Terzo',http://www.ferry-site.dk/ferry.php?id=8841395&lang=en
'M/F Festos Palace',http://www.ferry-site.dk/ferry.php?id=9220342&lang=en
'M/F Knossos Palace',http://www.ferry-site.dk/ferry.php?id=9220330&lang=en
'M/F Kydon Palace',http://www.ferry-site.dk/ferry.php?id=9204568&lang=en
'HSC Santorini Palace',http://www.ferry-site.dk/ferry.php?id=9329095&lang=en
'M/F Bastia',http://www.ferry-site.dk/ferry.php?id=7351082&lang=en
'M/F Giraglia',http://www.ferry-site.dk/ferry.php?id=8013235&lang=en
'M/F Giuseppe Sa',http://www.ferry-site.dk/ferry.php?id=7382378&lang=en
'M/F Ichnusa',http://www.ferry-site.dk/ferry.php?id=8412871&lang=en
'M/F Moby Aki',http://www.ferry-site.dk/ferry.php?id=9299393&lang=en
'M/F Moby Ale',http://www.ferry-site.dk/ferry.php?id=6900654&lang=en
'M/F Moby Baby Two',http://www.ferry-site.dk/ferry.php?id=7360681&lang=en
'M/F Moby Corse',http://www.ferry-site.dk/ferry.php?id=7615414&lang=en
'M/F Moby Drea',http://www.ferry-site.dk/ferry.php?id=7361312&lang=en
'M/F Moby Fantasy',http://www.ferry-site.dk/ferry.php?id=9837509&lang=en
'M/F Moby Kiss',http://www.ferry-site.dk/ferry.php?id=7358755&lang=en
'M/F Moby Magic',http://www.ferry-site.dk/ferry.php?id=moby2021-2&lang=en
'M/F Moby Niki',http://www.ferry-site.dk/ferry.php?id=7350090&lang=en
'M/F Moby Otta',http://www.ferry-site.dk/ferry.php?id=7361324&lang=en
'M/F Moby Vincent',http://www.ferry-site.dk/ferry.php?id=7360605&lang=en
'M/F Moby Wonder',http://www.ferry-site.dk/ferry.php?id=9214367&lang=en
'M/F Moby Zazà',http://www.ferry-site.dk/ferry.php?id=8020642&lang=en
'M/F Pietro Manunta',http://www.ferry-site.dk/ferry.php?id=8903155&lang=en
'HSC Express 2',http://www.ferry-site.dk/ferry.php?id=9561356&lang=en
'HSC Express 3',http://www.ferry-site.dk/ferry.php?id=9793064&lang=en
'HSC Express 4',http://www.ferry-site.dk/ferry.php?id=9824564&lang=en
'HSC Max',http://www.ferry-site.dk/ferry.php?id=9176058&lang=en
'M/F Feggesund',http://www.ferry-site.dk/ferry.php?id=9640918&lang=en
'M/F ALNawa Express',http://www.ferry-site.dk/ferry.php?id=8302806&lang=en
'M/F Amanah',http://www.ferry-site.dk/ferry.php?id=7602106&lang=en
'M/F Aziz Express',http://www.ferry-site.dk/ferry.php?id=8311895&lang=en
'M/F Namma Express',http://www.ferry-site.dk/ferry.php?id=8009064&lang=en
'M/F Al Andalus Express',http://www.ferry-site.dk/ferry.php?id=8512152&lang=en
'HSC Alborán',http://www.ferry-site.dk/ferry.php?id=9206700&lang=en
'HSC Almudaina Dos',http://www.ferry-site.dk/ferry.php?id=9141833&lang=en
'M/F Mar D'Canal',http://www.ferry-site.dk/ferry.php?id=7022708&lang=en
'M/F Volcan de Taburiente',http://www.ferry-site.dk/ferry.php?id=9348558&lang=en
'HSC Volcán de Tagoro',http://www.ferry-site.dk/ferry.php?id=9830111&lang=en
'HSC Volcán de Taidía',http://www.ferry-site.dk/ferry.php?id=9916264&lang=en
'M/F Volcan de Tamadaba',http://www.ferry-site.dk/ferry.php?id=9360506&lang=en
'M/F Volcan De Tamasite',http://www.ferry-site.dk/ferry.php?id=9281322&lang=en
'M/F Volcan de Tauce',http://www.ferry-site.dk/ferry.php?id=9081588&lang=en
'HSC Volcan de Teno',http://www.ferry-site.dk/ferry.php?id=9221346&lang=en
'M/F Volcan de Timanfaya',http://www.ferry-site.dk/ferry.php?id=9281334&lang=en
'M/F Volcan de Tinamar',http://www.ferry-site.dk/ferry.php?id=9506291&lang=en
'M/F Volcan De Tindaya',http://www.ferry-site.dk/ferry.php?id=9268411&lang=en
'HSC Volcan de Tirajana',http://www.ferry-site.dk/ferry.php?id=9294226&lang=en
'M/F Finnclipper',http://www.ferry-site.dk/ferry.php?id=9137997&lang=en
'M/F Finnpartner',http://www.ferry-site.dk/ferry.php?id=9010163&lang=en
'M/F Finntrader',http://www.ferry-site.dk/ferry.php?id=9017769&lang=en
'M/F Ampere',http://www.ferry-site.dk/ferry.php?id=9683611&lang=en
'M/F Austevoll',http://www.ferry-site.dk/ferry.php?id=7812529&lang=en
'M/F Festøya',http://www.ferry-site.dk/ferry.php?id=9863132&lang=en
'M/F Fodnes',http://www.ferry-site.dk/ferry.php?id=9865398&lang=en
'M/F Foldøy',http://www.ferry-site.dk/ferry.php?id=9192492&lang=en
'M/F Folkestad',http://www.ferry-site.dk/ferry.php?id=9347011&lang=en
'M/F Frafjord',http://www.ferry-site.dk/ferry.php?id=7728508&lang=en
'M/F Hardingen',http://www.ferry-site.dk/ferry.php?id=9036040&lang=en
'M/F Hidrasund II',http://www.ferry-site.dk/ferry.php?id=6912413&lang=en
'M/F Hjellestad',http://www.ferry-site.dk/ferry.php?id=9857341&lang=en
'M/F Hjelmeland',http://www.ferry-site.dk/ferry.php?id=9055747&lang=en
'M/F Hordaland',http://www.ferry-site.dk/ferry.php?id=7805203&lang=en
'M/F Hydra',http://www.ferry-site.dk/ferry.php?id=9887530&lang=en
'M/F Høgsfjord',http://www.ferry-site.dk/ferry.php?id=9055759&lang=en
'M/F Mannheller',http://www.ferry-site.dk/ferry.php?id=9865386&lang=en
'M/F Nesvik',http://www.ferry-site.dk/ferry.php?id=9887528&lang=en
'M/F Nårasund',http://www.ferry-site.dk/ferry.php?id=6820971&lang=en
'M/F Oppedal',http://www.ferry-site.dk/ferry.php?id=9419216&lang=en
'M/F Os',http://www.ferry-site.dk/ferry.php?id=7704679&lang=en
'M/F Ryfylkeferjen',http://www.ferry-site.dk/ferry.php?id=ryfylkeferjen2022&lang=en
'M/F Sjernarøy',http://www.ferry-site.dk/ferry.php?id=9192480&lang=en
'M/F Solavågen',http://www.ferry-site.dk/ferry.php?id=9863144&lang=en
'M/F Stavanger',http://www.ferry-site.dk/ferry.php?id=9263758&lang=en
'M/F Stord',http://www.ferry-site.dk/ferry.php?id=8513601&lang=en
'M/F Tidefjord',http://www.ferry-site.dk/ferry.php?id=9419204&lang=en
'M/F Ullensvang',http://www.ferry-site.dk/ferry.php?id=8513596&lang=en
'M/F Vikingen',http://www.ferry-site.dk/ferry.php?id=9036038&lang=en
'M/F Ørland',http://www.ferry-site.dk/ferry.php?id=9371543&lang=en
'M/F Hamnavoe',http://www.ferry-site.dk/ferry.php?id=9246061&lang=en
'M/F Helliar',http://www.ferry-site.dk/ferry.php?id=9119397&lang=en
'M/F Hildasay',http://www.ferry-site.dk/ferry.php?id=9119426&lang=en
'M/F Hjaltland',http://www.ferry-site.dk/ferry.php?id=9244958&lang=en
'M/F Hrossey',http://www.ferry-site.dk/ferry.php?id=9244960&lang=en
'M/F Næssund',http://www.ferry-site.dk/ferry.php?id=LegindBjerge1964&lang=en
'M/F Earl Sigurd',http://www.ferry-site.dk/ferry.php?id=8902711&lang=en
'M/F Earl Thorfinn',http://www.ferry-site.dk/ferry.php?id=8902723&lang=en
'M/F Eynhallow',http://www.ferry-site.dk/ferry.php?id=8960880&lang=en
'M/F Hoy Head',http://www.ferry-site.dk/ferry.php?id=9081722&lang=en
'M/F Shapinsay',http://www.ferry-site.dk/ferry.php?id=8814184&lang=en
'M/F Thorsvoe',http://www.ferry-site.dk/ferry.php?id=9014743&lang=en
'M/F Varagen',http://www.ferry-site.dk/ferry.php?id=8818154&lang=en
'M/F Bore Song',http://www.ferry-site.dk/ferry.php?id=9443566&lang=en
'M/F Clipper Pennant',http://www.ferry-site.dk/ferry.php?id=9372688&lang=en
'M/F Estraden',http://www.ferry-site.dk/ferry.php?id=9181077&lang=en
'M/F European Causeway',http://www.ferry-site.dk/ferry.php?id=9208394&lang=en
'M/F European Highlander',http://www.ferry-site.dk/ferry.php?id=9244116&lang=en
'M/F Norbank',http://www.ferry-site.dk/ferry.php?id=9056583&lang=en
'M/F Norbay',http://www.ferry-site.dk/ferry.php?id=9056595&lang=en
'M/F Norsky',http://www.ferry-site.dk/ferry.php?id=9186182&lang=en
'M/F Norstream',http://www.ferry-site.dk/ferry.php?id=9186194&lang=en
'M/F P&O Liberte',http://www.ferry-site.dk/ferry.php?id=9895173&lang=en
'M/F P&O Pioneer',http://www.ferry-site.dk/ferry.php?id=9895161&lang=en
'M/F Pride of Burgundy',http://www.ferry-site.dk/ferry.php?id=9015254&lang=en
'M/F Pride of Canterbury',http://www.ferry-site.dk/ferry.php?id=9007295&lang=en
'M/F Pride of Hull',http://www.ferry-site.dk/ferry.php?id=9208629&lang=en
'M/F Pride of Kent',http://www.ferry-site.dk/ferry.php?id=9015266&lang=en
'M/F Pride of Rotterdam',http://www.ferry-site.dk/ferry.php?id=9208617&lang=en
'M/F Spirit of Britain',http://www.ferry-site.dk/ferry.php?id=9524231&lang=en
'M/F Spirit of France',http://www.ferry-site.dk/ferry.php?id=9533816&lang=en
'M/F Stena Forecaster',http://www.ferry-site.dk/ferry.php?id=9214678&lang=en
'M/F Wilhelmine',http://www.ferry-site.dk/ferry.php?id=9539080&lang=en
'M/F Baltivia',http://www.ferry-site.dk/ferry.php?id=7931997&lang=en
'M/F Cracovia',http://www.ferry-site.dk/ferry.php?id=9237242&lang=en
'M/F Mazovia',http://www.ferry-site.dk/ferry.php?id=9010814&lang=en
'M/F Nova Star',http://www.ferry-site.dk/ferry.php?id=9462067&lang=en
'M/F Wawel',http://www.ferry-site.dk/ferry.php?id=7814462&lang=en
'M/F Grbalj',http://www.ferry-site.dk/ferry.php?id=9564205&lang=en
'M/F Igalo',http://www.ferry-site.dk/ferry.php?id=8332899&lang=en
'M/F Kamenari',http://www.ferry-site.dk/ferry.php?id=8133906&lang=en
'M/F Lepetane',http://www.ferry-site.dk/ferry.php?id=8133865&lang=en
'M/F Perast',http://www.ferry-site.dk/ferry.php?id=8133891&lang=en
'M/F Teodo',http://www.ferry-site.dk/ferry.php?id=8671582&lang=en
'HSC HSC Artemis',http://www.ferry-site.dk/ferry.php?id=9200225&lang=en
'M/F Lobo Marinho',http://www.ferry-site.dk/ferry.php?id=9267390&lang=en
'M/F Leiger',http://www.ferry-site.dk/ferry.php?id=9762675&lang=en
'M/F Piret',http://www.ferry-site.dk/ferry.php?id=9762663&lang=en
'M/F Regula',http://www.ferry-site.dk/ferry.php?id=7051058&lang=en
'M/F Tiiu',http://www.ferry-site.dk/ferry.php?id=9762687&lang=en
'M/F Tõll',http://www.ferry-site.dk/ferry.php?id=9762651&lang=en
'M/F Ragna',http://www.ferry-site.dk/ferry.php?id=Ragna1963&lang=en
'M/F Udbyhøj Kabelfærge',http://www.ferry-site.dk/ferry.php?id=Udbyhoej2006&lang=en
'M/F Red Eagle',http://www.ferry-site.dk/ferry.php?id=9117337&lang=en
'M/F Red Falcon',http://www.ferry-site.dk/ferry.php?id=9064047&lang=en
'M/F Red Kestrel',http://www.ferry-site.dk/ferry.php?id=9847645&lang=en
'M/F Red Osprey',http://www.ferry-site.dk/ferry.php?id=9064059&lang=en
'M/F Friesland',http://www.ferry-site.dk/ferry.php?id=8801058&lang=en
'M/F Noord-Nederland',http://www.ferry-site.dk/ferry.php?id=9269611&lang=en
'M/F Vlieland',http://www.ferry-site.dk/ferry.php?id=9303716&lang=en
'M/F Willem Barentsz',http://www.ferry-site.dk/ferry.php?id=9807578&lang=en
'M/F Willem de Vlamingh',http://www.ferry-site.dk/ferry.php?id=9807580&lang=en
'M/F Logudoro',http://www.ferry-site.dk/ferry.php?id=8506555&lang=en
'M/F Messina',http://www.ferry-site.dk/ferry.php?id=9631797&lang=en
'M/F Scilla',http://www.ferry-site.dk/ferry.php?id=8219906&lang=en
'M/F Villa',http://www.ferry-site.dk/ferry.php?id=8219918&lang=en
'M/F Aurelia',http://www.ferry-site.dk/ferry.php?id=7602120&lang=en
'M/F Akritas',http://www.ferry-site.dk/ferry.php?id=8020599&lang=en
'M/F Vassilios',http://www.ferry-site.dk/ferry.php?id=8813154&lang=en
'M/F Prinsesse Isabella',http://www.ferry-site.dk/ferry.php?id=9692806&lang=en
'M/F Samsø',http://www.ferry-site.dk/ferry.php?id=9548562&lang=en
'M/F Saos II',http://www.ferry-site.dk/ferry.php?id=8973136&lang=en
'M/F Achaeos',http://www.ferry-site.dk/ferry.php?id=9411903&lang=en
'M/F Apollon Hellas',http://www.ferry-site.dk/ferry.php?id=8807105&lang=en
'M/F Phivos',http://www.ferry-site.dk/ferry.php?id=7825978&lang=en
'M/F Posidon Hellas',http://www.ferry-site.dk/ferry.php?id=8966963&lang=en
'M/F ???',http://www.ferry-site.dk/ferry.php?id=scandlines2024&lang=en
'M/F Berlin',http://www.ferry-site.dk/ferry.php?id=9587855&lang=en
'M/F Copenhagen',http://www.ferry-site.dk/ferry.php?id=9587867&lang=en
'M/F Deutschland',http://www.ferry-site.dk/ferry.php?id=9151541&lang=en
'M/F Kronprins Frederik',http://www.ferry-site.dk/ferry.php?id=7803205&lang=en
'M/F Prins Richard',http://www.ferry-site.dk/ferry.php?id=9144419&lang=en
'M/F Prinsesse Benedikte',http://www.ferry-site.dk/ferry.php?id=9144421&lang=en
'M/F Schleswig-Holstein',http://www.ferry-site.dk/ferry.php?id=9151539&lang=en
'M/F Bore Bay',http://www.ferry-site.dk/ferry.php?id=9122007&lang=en
'M/F Misana',http://www.ferry-site.dk/ferry.php?id=9348936&lang=en
'M/F Misida',http://www.ferry-site.dk/ferry.php?id=9348948&lang=en
'M/F SC Ahtela',http://www.ferry-site.dk/ferry.php?id=8911736&lang=en
'M/F SC Astrea',http://www.ferry-site.dk/ferry.php?id=8917895&lang=en
'M/F SC Connector',http://www.ferry-site.dk/ferry.php?id=9131993&lang=en
'M/F Sea-Cargo Express',http://www.ferry-site.dk/ferry.php?id=9358060&lang=en
'M/F Trans Carrier',http://www.ferry-site.dk/ferry.php?id=9007879&lang=en
'HSC Andros Jet',http://www.ferry-site.dk/ferry.php?id=9150987&lang=en
'M/F Aqua Blue',http://www.ferry-site.dk/ferry.php?id=7429669&lang=en
'M/F Aqua Jewel',http://www.ferry-site.dk/ferry.php?id=8976671&lang=en
'M/F Aqua Solution',http://www.ferry-site.dk/ferry.php?id=6918560&lang=en
'M/F Aqua Star',http://www.ferry-site.dk/ferry.php?id=7207451&lang=en
'HSC Caldera Vista',http://www.ferry-site.dk/ferry.php?id=8900012&lang=en
'HSC Capricorn',http://www.ferry-site.dk/ferry.php?id=9179658&lang=en
'HSC Champion Jet 1',http://www.ferry-site.dk/ferry.php?id=9151008&lang=en
'HSC Champion Jet 2',http://www.ferry-site.dk/ferry.php?id=9135896&lang=en
'HSC High Speed Jet',http://www.ferry-site.dk/ferry.php?id=8900000&lang=en
'HSC HSC Cat',http://www.ferry-site.dk/ferry.php?id=8903703&lang=en
'HSC Mega Jet',http://www.ferry-site.dk/ferry.php?id=9106106&lang=en
'HSC Naxos Jet',http://www.ferry-site.dk/ferry.php?id=8919518&lang=en
'HSC Paros Jet',http://www.ferry-site.dk/ferry.php?id=9125255&lang=en
'HSC Power Jet',http://www.ferry-site.dk/ferry.php?id=9127576&lang=en
'HSC Rapidlink Jet',http://www.ferry-site.dk/ferry.php?id=9129328&lang=en
'HSC Superrunner Jet',http://www.ferry-site.dk/ferry.php?id=9141883&lang=en
'M/F SuperStar',http://www.ferry-site.dk/ferry.php?id=7346221&lang=en
'HSC Swift 1',http://www.ferry-site.dk/ferry.php?id=9283928&lang=en
'HSC Tera Jet',http://www.ferry-site.dk/ferry.php?id=9179660&lang=en
'HSC Worldchampion Jet',http://www.ferry-site.dk/ferry.php?id=9216250&lang=en
'M/F ???',http://www.ferry-site.dk/ferry.php?id=SeaRoad2023&lang=en
'M/F Liekut',http://www.ferry-site.dk/ferry.php?id=9869966&lang=en
'M/F SeaRoad Mersey II',http://www.ferry-site.dk/ferry.php?id=9745794&lang=en
'M/F Olympus',http://www.ferry-site.dk/ferry.php?id=7432733&lang=en
'M/F Clipper Point',http://www.ferry-site.dk/ferry.php?id=9350666&lang=en
'M/F Seatruck Pace',http://www.ferry-site.dk/ferry.php?id=9350678&lang=en
'M/F Seatruck Performance',http://www.ferry-site.dk/ferry.php?id=9506227&lang=en
'M/F Seatruck Power',http://www.ferry-site.dk/ferry.php?id=9506215&lang=en
'M/F Seatruck Precision',http://www.ferry-site.dk/ferry.php?id=9506239&lang=en
'M/F Seatruck Progress',http://www.ferry-site.dk/ferry.php?id=9506203&lang=en
'M/F Nekseløfærgen',http://www.ferry-site.dk/ferry.php?id=9074377&lang=en
'M/F Sejerøfærgen',http://www.ferry-site.dk/ferry.php?id=9178185&lang=en
'M/F Baltic Princess',http://www.ferry-site.dk/ferry.php?id=9354284&lang=en
'M/F Galaxy',http://www.ferry-site.dk/ferry.php?id=9333694&lang=en
'M/F Silja Serenade',http://www.ferry-site.dk/ferry.php?id=8715259&lang=en
'M/F Silja Symphony',http://www.ferry-site.dk/ferry.php?id=8803769&lang=en
'M/F Antonello da Messina',http://www.ferry-site.dk/ferry.php?id=8708593&lang=en
'M/F Eolie',http://www.ferry-site.dk/ferry.php?id=Eolie2023&lang=en
'HSC Isola di Stromboli',http://www.ferry-site.dk/ferry.php?id=9157296&lang=en
'HSC Isola di Vulcano',http://www.ferry-site.dk/ferry.php?id=9166194&lang=en
'M/F Laurana',http://www.ferry-site.dk/ferry.php?id=9011014&lang=en
'M/F Palladio',http://www.ferry-site.dk/ferry.php?id=8705694&lang=en
'M/F Sansovino',http://www.ferry-site.dk/ferry.php?id=8705709&lang=en
'M/F Akranes',http://www.ferry-site.dk/ferry.php?id=9160774&lang=en
'M/F Eystnes',http://www.ferry-site.dk/ferry.php?id=7922166&lang=en
'M/F Hvítanes',http://www.ferry-site.dk/ferry.php?id=7915541&lang=en
'M/F Mistral',http://www.ferry-site.dk/ferry.php?id=9183788&lang=en
'M/F Mykines',http://www.ferry-site.dk/ferry.php?id=9121998&lang=en
'M/F Norröna',http://www.ferry-site.dk/ferry.php?id=9227390&lang=en
'M/F SPL Princess Anastasia',http://www.ferry-site.dk/ferry.php?id=8414582&lang=en
'M/F European Star',http://www.ferry-site.dk/ferry.php?id=7813949&lang=en
'M/F Ionian Star',http://www.ferry-site.dk/ferry.php?id=7037806&lang=en
'M/F St. Damian',http://www.ferry-site.dk/ferry.php?id=7128887&lang=en
'M/F Fionia Sea',http://www.ferry-site.dk/ferry.php?id=9395343&lang=en
'M/F Jutlandia Sea',http://www.ferry-site.dk/ferry.php?id=9395355&lang=en
'M/F Mecklenburg-Vorpommern',http://www.ferry-site.dk/ferry.php?id=9131797&lang=en
'M/F Pol Maris',http://www.ferry-site.dk/ferry.php?id=9457189&lang=en
'M/F Pol Stella',http://www.ferry-site.dk/ferry.php?id=9457165&lang=en
'M/F Seatruck Panorama',http://www.ferry-site.dk/ferry.php?id=9372676&lang=en
'M/F Skåne',http://www.ferry-site.dk/ferry.php?id=9133915&lang=en
'M/F Somerset',http://www.ferry-site.dk/ferry.php?id=9188221&lang=en
'M/F Stena ???',http://www.ferry-site.dk/ferry.php?id=9863003&lang=en
'M/F Stena ???',http://www.ferry-site.dk/ferry.php?id=9862994&lang=en
'M/F Stena Adventurer',http://www.ferry-site.dk/ferry.php?id=9235529&lang=en
'M/F Stena Baltica',http://www.ferry-site.dk/ferry.php?id=9329851&lang=en
'M/F Stena Britannica',http://www.ferry-site.dk/ferry.php?id=9419175&lang=en
'HSC Stena Carisma',http://www.ferry-site.dk/ferry.php?id=9127760&lang=en
'M/F Stena Danica',http://www.ferry-site.dk/ferry.php?id=7907245&lang=en
'M/F Stena Edda',http://www.ferry-site.dk/ferry.php?id=9807308&lang=en
'M/F Stena Embla',http://www.ferry-site.dk/ferry.php?id=9807322&lang=en
'M/F Stena Estrid',http://www.ferry-site.dk/ferry.php?id=9807293&lang=en
'M/F Stena Europe',http://www.ferry-site.dk/ferry.php?id=7901760&lang=en
'M/F Stena Flavia',http://www.ferry-site.dk/ferry.php?id=9417919&lang=en
'M/F Stena Forerunner',http://www.ferry-site.dk/ferry.php?id=9227259&lang=en
'M/F Stena Foreteller',http://www.ferry-site.dk/ferry.php?id=9214666&lang=en
'M/F Stena Germanica',http://www.ferry-site.dk/ferry.php?id=9145176&lang=en
'M/F Stena Gothica',http://www.ferry-site.dk/ferry.php?id=7826867&lang=en
'M/F Stena Hibernia',http://www.ferry-site.dk/ferry.php?id=9121637&lang=en
'M/F Stena Hollandica',http://www.ferry-site.dk/ferry.php?id=9419163&lang=en
'M/F Stena Horizon',http://www.ferry-site.dk/ferry.php?id=9332559&lang=en
'M/F Stena Jutlandica',http://www.ferry-site.dk/ferry.php?id=9125944&lang=en
'M/F Stena Livia',http://www.ferry-site.dk/ferry.php?id=9420423&lang=en
'M/F Stena Nautica',http://www.ferry-site.dk/ferry.php?id=8317954&lang=en
'M/F Stena Nordica',http://www.ferry-site.dk/ferry.php?id=9215505&lang=en
'M/F Stena Scandica',http://www.ferry-site.dk/ferry.php?id=9329849&lang=en
'M/F Stena Scandinavica',http://www.ferry-site.dk/ferry.php?id=9235517&lang=en
'M/F Stena Scotia',http://www.ferry-site.dk/ferry.php?id=9121625&lang=en
'M/F Stena Spirit',http://www.ferry-site.dk/ferry.php?id=7907661&lang=en
'M/F Stena Superfast VII',http://www.ferry-site.dk/ferry.php?id=9198941&lang=en
'M/F Stena Superfast VIII',http://www.ferry-site.dk/ferry.php?id=9198953&lang=en
'M/F Stena Transit',http://www.ferry-site.dk/ferry.php?id=9469388&lang=en
'M/F Stena Transporter',http://www.ferry-site.dk/ferry.php?id=9469376&lang=en
'M/F Stena Vinga',http://www.ferry-site.dk/ferry.php?id=9323699&lang=en
'M/F Stena Vision',http://www.ferry-site.dk/ferry.php?id=7907659&lang=en
'M/F Urd',http://www.ferry-site.dk/ferry.php?id=7826855&lang=en
'M/F Sam',http://www.ferry-site.dk/ferry.php?id=7602168&lang=en
'M/F Smyril',http://www.ferry-site.dk/ferry.php?id=9275218&lang=en
'M/F Teistin',http://www.ferry-site.dk/ferry.php?id=9226102&lang=en
'M/F Ternan',http://www.ferry-site.dk/ferry.php?id=7947154&lang=en
'M/F Strynø',http://www.ferry-site.dk/ferry.php?id=9664524&lang=en
'M/F Superfast I',http://www.ferry-site.dk/ferry.php?id=9350719&lang=en
'M/F Superfast II',http://www.ferry-site.dk/ferry.php?id=9458511&lang=en
'M/F Superfast XI',http://www.ferry-site.dk/ferry.php?id=9227417&lang=en
'M/F Baltic Queen',http://www.ferry-site.dk/ferry.php?id=9443255&lang=en
'M/F Isabelle',http://www.ferry-site.dk/ferry.php?id=8700723&lang=en
'M/F Megastar',http://www.ferry-site.dk/ferry.php?id=9773064&lang=en
'M/F MyStar',http://www.ferry-site.dk/ferry.php?id=9892690&lang=en
'M/F Regal Star',http://www.ferry-site.dk/ferry.php?id=9087116&lang=en
'M/F Romantika',http://www.ferry-site.dk/ferry.php?id=9237589&lang=en
'M/F Sailor',http://www.ferry-site.dk/ferry.php?id=8401444&lang=en
'M/F Sea Wind',http://www.ferry-site.dk/ferry.php?id=7128332&lang=en
'M/F Silja Europa',http://www.ferry-site.dk/ferry.php?id=8919805&lang=en
'M/F Star',http://www.ferry-site.dk/ferry.php?id=9364722&lang=en
'M/F Victoria I',http://www.ferry-site.dk/ferry.php?id=9281281&lang=en
'M/F Dokter Wagemaker',http://www.ferry-site.dk/ferry.php?id=9294070&lang=en
'M/F Texelstroom',http://www.ferry-site.dk/ferry.php?id=9741918&lang=en
'M/F Kanalen',http://www.ferry-site.dk/ferry.php?id=9838163&lang=en
'M/F Athara',http://www.ferry-site.dk/ferry.php?id=9263655&lang=en
'M/F Beniamino Carnevale',http://www.ferry-site.dk/ferry.php?id=9019066&lang=en
'M/F Bithia',http://www.ferry-site.dk/ferry.php?id=9222522&lang=en
'M/F Giuseppe Lucchesi',http://www.ferry-site.dk/ferry.php?id=9503639&lang=en
'M/F Janas',http://www.ferry-site.dk/ferry.php?id=9222534&lang=en
'M/F Moby Dada',http://www.ferry-site.dk/ferry.php?id=7911533&lang=en
'M/F Moby Tommy',http://www.ferry-site.dk/ferry.php?id=9221310&lang=en
'M/F Nuraghes',http://www.ferry-site.dk/ferry.php?id=9293404&lang=en
'M/F Raffaele Rubattino',http://www.ferry-site.dk/ferry.php?id=9144744&lang=en
'M/F Sharden',http://www.ferry-site.dk/ferry.php?id=9305269&lang=en
'M/F Vincenzo Florio',http://www.ferry-site.dk/ferry.php?id=9144732&lang=en
'M/F Giovanni Bellini',http://www.ferry-site.dk/ferry.php?id=8402357&lang=en
'M/F Giuseppe Rum',http://www.ferry-site.dk/ferry.php?id=9304954&lang=en
'M/F Liburna',http://www.ferry-site.dk/ferry.php?id=8706727&lang=en
'M/F Marmorica',http://www.ferry-site.dk/ferry.php?id=7717353&lang=en
'M/F Oglasa',http://www.ferry-site.dk/ferry.php?id=7717341&lang=en
'M/F Rio Marina Bella',http://www.ferry-site.dk/ferry.php?id=9310836&lang=en
'M/F Stelio Montomoli',http://www.ferry-site.dk/ferry.php?id=8706739&lang=en
'M/F Bodø',http://www.ferry-site.dk/ferry.php?id=9151010&lang=en
'M/F Bømlo',http://www.ferry-site.dk/ferry.php?id=9299408&lang=en
'M/F Flatøy',http://www.ferry-site.dk/ferry.php?id=9822061&lang=en
'M/F Færøy',http://www.ferry-site.dk/ferry.php?id=9825829&lang=en
'M/F Helgøy',http://www.ferry-site.dk/ferry.php?id=7721184&lang=en
'M/F Huftarøy',http://www.ferry-site.dk/ferry.php?id=9825805&lang=en
'M/F Kvaløy',http://www.ferry-site.dk/ferry.php?id=9588794&lang=en
'M/F Landegode',http://www.ferry-site.dk/ferry.php?id=9607370&lang=en
'M/F Lysøy',http://www.ferry-site.dk/ferry.php?id=9822073&lang=en
'M/F Røst',http://www.ferry-site.dk/ferry.php?id=9035709&lang=en
'M/F Samnøy',http://www.ferry-site.dk/ferry.php?id=9825817&lang=en
'M/F Skutvik',http://www.ferry-site.dk/ferry.php?id=7214583&lang=en
'M/F Tranøy',http://www.ferry-site.dk/ferry.php?id=8917340&lang=en
'M/F Uløytind',http://www.ferry-site.dk/ferry.php?id=9589451&lang=en
'M/F Vengsøy',http://www.ferry-site.dk/ferry.php?id=9588782&lang=en
'M/F Værøy',http://www.ferry-site.dk/ferry.php?id=9607382&lang=en
'M/F Ørnes',http://www.ferry-site.dk/ferry.php?id=9081942&lang=en
'M/F Heilhorn',http://www.ferry-site.dk/ferry.php?id=9865221&lang=en
'M/F Hornstind',http://www.ferry-site.dk/ferry.php?id=9796987&lang=en
'M/F Kjella',http://www.ferry-site.dk/ferry.php?id=8615277&lang=en
'M/F Leka',http://www.ferry-site.dk/ferry.php?id=9230866&lang=en
'M/F Lysingen',http://www.ferry-site.dk/ferry.php?id=9030371&lang=en
'M/F Ramtind',http://www.ferry-site.dk/ferry.php?id=7725910&lang=en
'M/F Torget',http://www.ferry-site.dk/ferry.php?id=leka1963&lang=en
'M/F Torghatten',http://www.ferry-site.dk/ferry.php?id=9234707&lang=en
'M/F Torgtind',http://www.ferry-site.dk/ferry.php?id=9189445&lang=en
'M/F Bore Sea',http://www.ferry-site.dk/ferry.php?id=9443554&lang=en
'M/F Corona Sea',http://www.ferry-site.dk/ferry.php?id=9357597&lang=en
'M/F Genca',http://www.ferry-site.dk/ferry.php?id=9307372&lang=en
'M/F Hafnia Sea',http://www.ferry-site.dk/ferry.php?id=9357602&lang=en
'M/F Kraftca',http://www.ferry-site.dk/ferry.php?id=9307360&lang=en
'M/F Plyca',http://www.ferry-site.dk/ferry.php?id=9345398&lang=en
'M/F Pulpca',http://www.ferry-site.dk/ferry.php?id=9345386&lang=en
'M/F Seagard',http://www.ferry-site.dk/ferry.php?id=9198977&lang=en
'M/F Timca',http://www.ferry-site.dk/ferry.php?id=9307358&lang=en
'M/F Trica',http://www.ferry-site.dk/ferry.php?id=9307384&lang=en
'HSC Castavi Jet',http://www.ferry-site.dk/ferry.php?id=9150975&lang=en
'HSC Chenega',http://www.ferry-site.dk/ferry.php?id=9265794&lang=en
'HSC Fairweather',http://www.ferry-site.dk/ferry.php?id=9265809&lang=en
'HSC Incat 045',http://www.ferry-site.dk/ferry.php?id=9161560&lang=en
'M/F Ciudad de Granada',http://www.ferry-site.dk/ferry.php?id=9217125&lang=en
'M/F Ciudad de Mahón',http://www.ferry-site.dk/ferry.php?id=9181091&lang=en
'M/F Ciudad de Palma',http://www.ferry-site.dk/ferry.php?id=9349772&lang=en
'M/F Euroferry Egnazia',http://www.ferry-site.dk/ferry.php?id=9010151&lang=en
'M/F Volcan de Tijarafe',http://www.ferry-site.dk/ferry.php?id=9398890&lang=en
'M/F Volcan del Teide',http://www.ferry-site.dk/ferry.php?id=9506289&lang=en
'HSC Alcantara Dos',http://www.ferry-site.dk/ferry.php?id=9107203&lang=en
'M/F Almariya',http://www.ferry-site.dk/ferry.php?id=7928811&lang=en
'M/F Ciudad Autónoma Melilla',http://www.ferry-site.dk/ferry.php?id=9216585&lang=en
'HSC Ciudad de Ceuta',http://www.ferry-site.dk/ferry.php?id=9237644&lang=en
'M/F Ciudad de Ibiza',http://www.ferry-site.dk/ferry.php?id=9263370&lang=en
'M/F Ciudad de Malaga',http://www.ferry-site.dk/ferry.php?id=9080015&lang=en
'M/F Ciudad de Valencia',http://www.ferry-site.dk/ferry.php?id=9869722&lang=en
'M/F Juan J. Sister',http://www.ferry-site.dk/ferry.php?id=9039391&lang=en
'M/F Las Palmas de Gran Canaria',http://www.ferry-site.dk/ferry.php?id=9031997&lang=en
'M/F Villa de Tazacorte',http://www.ferry-site.dk/ferry.php?id=9399325&lang=en
'M/F Volcán de Teneguía',http://www.ferry-site.dk/ferry.php?id=9335161&lang=en
'HSC A.P.T. James',http://www.ferry-site.dk/ferry.php?id=9877717&lang=en
'HSC Buccoo Reef',http://www.ferry-site.dk/ferry.php?id=9895408&lang=en
'M/F Cabo Star',http://www.ferry-site.dk/ferry.php?id=8500680&lang=en
'M/F Galleon’s Passage',http://www.ferry-site.dk/ferry.php?id=9772888&lang=en
'HSC T&T Spirit',http://www.ferry-site.dk/ferry.php?id=9280897&lang=en
'M/F Akka',http://www.ferry-site.dk/ferry.php?id=9217230&lang=en
'M/F Huckleberry Finn',http://www.ferry-site.dk/ferry.php?id=8618358&lang=en
'M/F Marco Polo',http://www.ferry-site.dk/ferry.php?id=9019080&lang=en
'M/F Nils Dacke',http://www.ferry-site.dk/ferry.php?id=9087465&lang=en
'M/F Nils Holgersson',http://www.ferry-site.dk/ferry.php?id=9217230&lang=en
'M/F Nils Holgersson',http://www.ferry-site.dk/ferry.php?id=9865685&lang=en
'M/F Peter Pan',http://www.ferry-site.dk/ferry.php?id=9217242&lang=en
'M/F Peter Pan',http://www.ferry-site.dk/ferry.php?id=9880946&lang=en
'M/F Robin Hood',http://www.ferry-site.dk/ferry.php?id=9087477&lang=en
'M/F Tom Sawyer',http://www.ferry-site.dk/ferry.php?id=8703232&lang=en
'M/F ???',http://www.ferry-site.dk/ferry.php?id=sot2023&lang=en
'M/F ???',http://www.ferry-site.dk/ferry.php?id=sot2024&lang=en
'M/F Spirit of Tasmania I',http://www.ferry-site.dk/ferry.php?id=9158446&lang=en
'M/F Spirit of Tasmania II',http://www.ferry-site.dk/ferry.php?id=9158434&lang=en
'M/F Tunøfærgen',http://www.ferry-site.dk/ferry.php?id=9107875&lang=en
'M/F Greifswald',http://www.ferry-site.dk/ferry.php?id=8311912&lang=en
'M/F Kaunas',http://www.ferry-site.dk/ferry.php?id=8311924&lang=en
'M/F Vilnius',http://www.ferry-site.dk/ferry.php?id=8311900&lang=en
'M/F Copernicus',http://www.ferry-site.dk/ferry.php?id=9031703&lang=en
'M/F Galileusz',http://www.ferry-site.dk/ferry.php?id=9019078&lang=en
'M/F Gryf',http://www.ferry-site.dk/ferry.php?id=8818300&lang=en
'M/F Jan Sniadecki',http://www.ferry-site.dk/ferry.php?id=8604711&lang=en
'M/F Polonia',http://www.ferry-site.dk/ferry.php?id=9108350&lang=en
'M/F Skania',http://www.ferry-site.dk/ferry.php?id=9086588&lang=en
'M/F Wolin',http://www.ferry-site.dk/ferry.php?id=8420842&lang=en
'M/F Stjerneborg',http://www.ferry-site.dk/ferry.php?id=9034755&lang=en
'M/F Uraniborg',http://www.ferry-site.dk/ferry.php?id=9616125&lang=en
'M/F Rigel II',http://www.ferry-site.dk/ferry.php?id=7826788&lang=en
'M/F Rigel III',http://www.ferry-site.dk/ferry.php?id=7807744&lang=en
'M/F Rigel VII',http://www.ferry-site.dk/ferry.php?id=9087726&lang=en
'M/F Venø Færgen',http://www.ferry-site.dk/ferry.php?id=9564449&lang=en
'M/F Amorella',http://www.ferry-site.dk/ferry.php?id=8601915&lang=en
'M/F Gabriella',http://www.ferry-site.dk/ferry.php?id=8917601&lang=en
'M/F Rosella',http://www.ferry-site.dk/ferry.php?id=7901265&lang=en
'M/F Viking Cinderella',http://www.ferry-site.dk/ferry.php?id=8719188&lang=en
'M/F Viking Glory',http://www.ferry-site.dk/ferry.php?id=9827877&lang=en
'M/F Viking Grace',http://www.ferry-site.dk/ferry.php?id=9606900&lang=en
'M/F Viking XPRS',http://www.ferry-site.dk/ferry.php?id=9375654&lang=en
'HSC Jean de la Valette',http://www.ferry-site.dk/ferry.php?id=9559743&lang=en
'HSC Maria Dolores',http://www.ferry-site.dk/ferry.php?id=9333448&lang=en
'HSC Saint John Paul II',http://www.ferry-site.dk/ferry.php?id=9817274&lang=en
'M/F Ida',http://www.ferry-site.dk/ferry.php?id=ida1959&lang=en
'M/F Baltic Enabler',http://www.ferry-site.dk/ferry.php?id=9884681&lang=en
'M/F Botnia Enabler',http://www.ferry-site.dk/ferry.php?id=9884679&lang=en
'M/F Cadena 3',http://www.ferry-site.dk/ferry.php?id=9234094&lang=en
'M/F Fionia Sea',http://www.ferry-site.dk/ferry.php?id=9395343&lang=en
'M/F Tavastland',http://www.ferry-site.dk/ferry.php?id=9334959&lang=en
'M/F Thuleland',http://www.ferry-site.dk/ferry.php?id=9343261&lang=en
'M/F Tundraland',http://www.ferry-site.dk/ferry.php?id=9343273&lang=en
'M/F Aurora Botnia',http://www.ferry-site.dk/ferry.php?id=9878319&lang=en
'M/F Breitling',http://www.ferry-site.dk/ferry.php?id=Breitling1994&lang=en
'M/F Glewitz',http://www.ferry-site.dk/ferry.php?id=Glewitz1965&lang=en
'M/F Stahlbrode',http://www.ferry-site.dk/ferry.php?id=Stahlbrode1966&lang=en
'M/F Stralsund',http://www.ferry-site.dk/ferry.php?id=Stralsund1963&lang=en
'M/F Warnow',http://www.ferry-site.dk/ferry.php?id=F-Warnow1995&lang=en
'M/F Wittow',http://www.ferry-site.dk/ferry.php?id=Wittow1996&lang=en
'M/F Bremerhaven',http://www.ferry-site.dk/ferry.php?id=Bremerhaven&lang=en
'M/F Nordenham',http://www.ferry-site.dk/ferry.php?id=Nordenham&lang=en
'M/F St Clare',http://www.ferry-site.dk/ferry.php?id=9236949&lang=en
'M/F St Faith',http://www.ferry-site.dk/ferry.php?id=8907228&lang=en
'M/F Victoria of Wight',http://www.ferry-site.dk/ferry.php?id=9791028&lang=en
'M/F Wight Light',http://www.ferry-site.dk/ferry.php?id=9446972&lang=en
'M/F Wight Sky',http://www.ferry-site.dk/ferry.php?id=9446984&lang=en
'M/F Wight Sun',http://www.ferry-site.dk/ferry.php?id=9490416&lang=en
'M/F Ellen',http://www.ferry-site.dk/ferry.php?id=9805374&lang=en
'M/F Marstal',http://www.ferry-site.dk/ferry.php?id=9199074&lang=en
'M/F Skjoldnæs',http://www.ferry-site.dk/ferry.php?id=7925649&lang=en
'M/F Ærøskøbing',http://www.ferry-site.dk/ferry.php?id=9199086&lang=en
'M/F ÆrøXpressen',http://www.ferry-site.dk/ferry.php?id=9861500&lang=en
'M/F Faaborg III',http://www.ferry-site.dk/ferry.php?id=9628647&lang=en
'M/F Solsund',http://www.ferry-site.dk/ferry.php?id=7005346&lang=en
'M/F Karen Orø',http://www.ferry-site.dk/ferry.php?id=8875217&lang=en
'M/F Østre Færge',http://www.ferry-site.dk/ferry.php?id=OestreFaerge1962&lang=en
